{
    "vertices":[-1.90014,-0.220225,-4.49992,-1.90051,-0.220259,-1.24018,-3.8005,-0.220259,-1.24018,-3.80087,-0.220225,-4.49993,-1.90051,1.23974,-4.50018,-1.90051,1.23974,-1.24018,-3.8005,1.23974,-1.24018,-3.8005,1.23974,-4.50018,-3.80099,-0.220201,-4.47988,-3.80055,-0.161025,-4.50016,-3.05023,0.529806,-6.53562,-1.90337,-0.205636,-2.34052,-1.0148,-0.231146,-1.63975,-1.89136,0.137349,-1.99715,-1.90013,0.317639,-1.61028,-2.27519,-0.22026,-2.04834,-1.89223,-0.216307,-4.07974,-1.01656,-0.337796,-3.64046,-1.90049,-0.220242,-3.19476,-1.90051,0.275592,-3.37118,-1.90051,0.256525,-3.87596,-3.80062,-0.220162,-3.25574,-4.88855,-0.008311,-3.64764,-3.80598,-0.218065,-4.19041,-3.8005,0.206683,-4.00841,-3.80051,0.247977,-3.46957,-3.80205,-0.20903,-1.69134,-4.65187,-0.206214,-2.09061,-3.79812,-0.208931,-2.41203,-3.81186,0.103783,-2.30203,-3.80605,0.099165,-1.85118],
    "skinIndices":[],
    "faces":[34,3,0,16,0,0,0,0,34,16,17,18,0,1,1,1,34,18,11,15,0,2,2,2,34,15,12,1,0,3,3,3,34,1,2,26,0,4,4,4,34,26,27,28,0,5,5,5,34,21,22,23,0,6,6,6,34,1,26,28,0,7,7,7,34,21,23,8,0,8,8,8,34,1,28,21,0,9,9,9,34,16,18,15,0,10,10,10,34,15,1,21,0,11,11,11,34,21,8,3,0,12,12,12,34,3,16,15,0,13,13,13,34,15,21,3,0,14,14,14,35,4,7,6,5,0,15,15,15,15,34,16,0,4,0,16,16,16,34,5,1,14,0,17,17,17,34,14,12,13,0,18,18,18,34,13,11,18,0,19,19,19,34,19,17,20,0,20,20,20,34,13,18,19,0,21,21,21,34,5,14,13,0,22,22,22,34,20,16,4,0,23,23,23,34,5,13,19,0,24,24,24,34,19,20,4,0,25,25,25,34,4,5,19,0,26,26,26,35,1,5,6,2,0,27,27,27,27,34,26,2,6,0,28,28,28,34,7,9,8,0,29,29,29,34,8,23,24,0,30,30,30,34,24,22,25,0,31,31,31,34,25,21,28,0,32,32,32,34,29,27,30,0,33,33,33,34,25,28,29,0,34,34,34,34,7,8,24,0,35,35,35,34,25,29,30,0,36,36,36,34,7,24,25,0,37,37,37,34,30,26,6,0,38,38,38,34,7,25,30,0,39,39,39,34,6,7,30,0,40,40,40,34,4,10,7,0,41,41,41,34,8,9,3,0,42,42,42,34,7,10,9,0,43,43,43,35,0,3,9,10,0,44,44,44,44,34,0,10,4,0,45,45,45,34,11,13,12,0,46,46,46,34,1,12,14,0,47,47,47,34,12,15,11,0,48,48,48,34,16,20,17,0,49,49,49,34,18,17,19,0,50,50,50,34,21,25,22,0,51,51,51,34,23,22,24,0,52,52,52,34,26,30,27,0,53,53,53,34,28,27,29,0,54,54,54],
    "influencesPerVertex":2,
    "normals":[-0,0.009324,0.999957,-0.134633,-0.005661,0.990879,0.052825,0.017249,0.998455,-0.010165,0.004713,0.999937,0,-0.024882,0.99969,-0.003241,-0.000155,0.999995,-0.190753,-0.001108,0.981637,-0.005865,-0.000169,0.999983,-0.386572,0.000148,0.922259,-0.014213,0.013351,0.99981,-0.01395,-0.004576,0.999892,-0.000102,4.8e-05,1,-0.174263,8.5e-05,0.984699,0.002382,-0.001497,0.999996,-0.000104,5e-05,1,0,-0,-1,0.999823,-0.018809,-0.000247,0.999999,0.001026,-0,0.482634,-0.360944,-0.797988,0.999229,0.004047,0.039062,0.563398,-0.031184,-0.825597,0.999973,-0.006901,0.002416,0.999561,0.027633,0.010679,0.999811,0.016407,-0.010416,0.999913,-0.005446,-0.012038,1,0,0,1,0,0,-0,1,0,-0.999994,0.003432,0,-0.999756,-0.022103,-2.8e-05,-0.999643,-0.017364,-0.020326,-0.217054,-0.074589,-0.973306,-0.999994,0.002937,-0.001584,-0.343069,0.014045,-0.939205,-0.999142,-0.01451,0.038796,-1,0.000727,-0.000346,-0.980517,0.014654,-0.195884,-1,-3e-06,1e-06,-0.999848,0.0169,0.004194,-0.999985,-0.003785,0.003932,-0.999988,-0,-0.00486,0,-0.329329,-0.944215,-0.999966,-0.006192,-0.005481,-0.938285,-0.345864,-2.1e-05,-0.029065,-0.354994,0.934417,0.870679,-0.491852,-0.000132,0.505194,-0.618678,-0.601678,0.354138,0.770555,-0.529935,0.005367,-0.043173,0.999053,0.457839,-0.8135,-0.35861,0.461097,0.836008,-0.297457,-0.239558,0.883098,-0.403423,-0.357523,-0.856745,-0.371705,-0.384558,0.821474,-0.421064,-0.335334,-0.893237,-0.299464],
    "colors":[],
    "metadata":{
        "vertices":31,
        "version":3,
        "generator":"io_three",
        "materials":1,
        "uvs":0,
        "faces":55,
        "normals":55,
        "colors":0,
        "type":"Geometry"
    },
    "name":"CubeGeometry.1",
    "uvs":[],
    "materials":[{
        "wireframe":false,
        "colorEmissive":[0,0,0],
        "specularCoef":50,
        "vertexColors":false,
        "depthWrite":true,
        "blending":"NormalBlending",
        "transparent":false,
        "colorDiffuse":[0.11392,0.11392,0.11392],
        "DbgIndex":0,
        "shading":"phong",
        "DbgName":"Material.004",
        "DbgColor":15658734,
        "opacity":1,
        "depthTest":true,
        "colorSpecular":[0.5,0.5,0.5],
        "visible":true
    }],
    "skinWeights":[]
}