{
    "vertices":[-2.85829,1.18328,1.18446,-2.63557,1.17189,1.2454,-2.86543,1.19062,1.17823,-2.62008,1.2231,1.21389,-2.84706,1.18067,1.19869,-2.59901,1.22038,1.21833,-2.84338,1.184,1.19447,-2.59366,1.22859,1.21893,-2.86282,1.18534,1.20895,-2.57935,1.19528,1.26147,-2.86031,1.19247,1.25152,-2.57793,1.18697,1.25798,-2.86053,1.19727,1.28493,-2.59141,1.20236,1.25395,-2.88634,1.20661,1.31178,-2.5463,1.23242,1.26078,-2.91615,1.2259,1.30519,-2.54134,1.24881,1.2683,-2.96457,1.21949,1.37997,-2.51802,1.2099,1.35299,-2.97562,1.24543,1.37685,-2.5034,1.24449,1.33523,-2.98757,1.27873,1.36199,-2.49414,1.27425,1.31858,-2.98293,1.30448,1.34666,-2.516,1.30668,1.30594,-2.94958,1.33373,1.32031,-2.55392,1.33428,1.29787,-2.91856,1.36383,1.2871,-2.60297,1.36036,1.28913,-2.90297,1.3689,1.27038,-2.60297,1.3689,1.27038,-2.90297,1.37178,1.25087,-2.60297,1.37178,1.25087,-2.90297,1.3689,1.23136,-2.60297,1.3689,1.23136,-2.90297,1.36036,1.2126,-2.60297,1.36036,1.2126,-2.90297,1.3465,1.19531,-2.60297,1.3465,1.19531,-2.90297,1.32785,1.18016,-2.60297,1.32785,1.18016,-2.90297,1.30512,1.16772,-2.60297,1.30512,1.16772,-2.90297,1.27919,1.15848,-2.60297,1.27919,1.15848,-2.90297,1.25105,1.15279,-2.60297,1.25105,1.15279,-2.90297,1.22178,1.15087,-2.60297,1.22178,1.15087,-2.90297,1.19252,1.15279,-2.60297,1.19252,1.15279,-2.92388,1.23314,1.18569,-2.62932,1.20499,1.2181,-2.8784,1.18407,1.15682,-2.62018,1.22372,1.2018,-2.86262,1.18939,1.1643,-2.64719,1.2074,1.26591,-2.85252,1.18572,1.18115,-2.64842,1.19727,1.27214,-2.85544,1.19015,1.16102,-2.63996,1.22437,1.24372,-2.85638,1.18317,1.1748,-2.65823,1.20201,1.30065,-2.55529,1.27268,1.26544,-2.6356,1.1748,1.27269,-2.56626,1.22478,1.25825],
    "skinIndices":[],
    "faces":[35,0,1,3,2,0,0,0,0,0,35,2,3,5,4,0,1,1,1,1,35,4,5,7,6,0,2,2,2,2,35,6,7,9,8,0,3,3,3,3,35,8,9,11,10,0,4,4,4,4,35,10,11,13,12,0,5,5,5,5,35,12,13,15,14,0,6,6,6,6,35,14,15,17,16,0,7,7,7,7,35,16,17,19,18,0,8,8,8,8,35,18,19,21,20,0,9,9,9,9,35,20,21,23,22,0,10,10,10,10,35,22,23,25,24,0,11,11,11,11,35,24,25,27,26,0,12,12,12,12,35,26,27,29,28,0,13,13,13,13,35,28,29,31,30,0,14,14,14,14,35,30,31,33,32,0,15,15,15,15,35,32,33,35,34,0,16,16,16,16,35,34,35,37,36,0,17,17,17,17,35,36,37,39,38,0,18,18,18,18,35,38,39,41,40,0,19,19,19,19,35,40,41,43,42,0,20,20,20,20,35,42,43,45,44,0,21,21,21,21,35,44,45,47,46,0,22,22,22,22,35,46,47,49,48,0,23,23,23,23,35,48,49,51,50,0,24,24,24,24,35,50,51,53,52,0,25,25,25,25,35,52,53,55,54,0,26,26,26,26,34,56,54,55,0,27,27,27,34,55,65,57,0,28,28,28,34,55,57,56,0,29,29,29,35,56,57,59,58,0,30,30,30,30,35,58,59,61,60,0,31,31,31,31,34,5,3,1,0,32,32,32,34,5,1,66,0,33,33,33,34,9,7,5,0,34,34,34,34,66,9,5,0,35,35,35,35,60,61,63,62,0,36,36,36,36,35,1,0,62,63,0,37,37,37,37,34,10,12,14,0,38,38,38,34,16,18,20,0,39,39,39,34,10,14,16,0,40,40,40,34,8,10,16,0,41,41,41,34,16,20,22,0,42,42,42,34,22,24,26,0,43,43,43,34,26,28,30,0,44,44,44,34,30,32,34,0,45,45,45,34,34,36,38,0,46,46,46,34,38,40,42,0,45,45,45,34,42,44,46,0,46,46,46,34,46,48,50,0,46,46,46,34,52,54,56,0,47,47,47,34,46,50,52,0,48,48,48,34,38,42,46,0,46,46,46,34,30,34,38,0,46,46,46,34,22,26,30,0,49,49,49,34,8,16,22,0,50,50,50,34,6,8,22,0,51,51,51,34,22,30,38,0,52,52,52,34,38,46,52,0,53,53,53,34,58,60,62,0,54,54,54,34,22,38,52,0,55,55,55,34,58,62,0,0,56,56,56,34,58,0,2,0,57,57,57,34,22,52,56,0,58,58,58,34,56,58,2,0,59,59,59,34,22,56,2,0,60,60,60,34,6,22,2,0,61,61,61,34,2,4,6,0,62,62,62,34,33,31,64,0,63,63,63,34,64,41,39,0,64,64,64,34,39,37,35,0,65,65,65,34,35,33,64,0,66,66,66,34,64,39,35,0,67,67,67,34,23,21,64,0,68,68,68,34,64,31,29,0,69,69,69,34,29,27,25,0,70,70,70,34,25,23,64,0,71,71,71,34,64,29,25,0,72,72,72,34,43,41,64,0,73,73,73,34,66,65,55,0,74,74,74,34,43,64,66,0,75,75,75,34,47,45,43,0,65,65,65,34,51,49,47,0,65,65,65,34,55,53,51,0,76,76,76,34,43,66,55,0,77,77,77,34,51,47,43,0,65,65,65,34,55,51,43,0,78,78,78,34,9,66,64,0,79,79,79,34,64,21,19,0,80,80,80,34,17,15,13,0,81,81,81,34,64,19,17,0,82,82,82,34,11,9,64,0,83,83,83,34,64,17,13,0,84,84,84,34,64,13,11,0,85,85,85,34,65,66,1,0,86,86,86,34,1,63,61,0,87,87,87,34,61,59,57,0,88,88,88,34,65,1,61,0,89,89,89,34,65,61,57,0,90,90,90],
    "influencesPerVertex":2,
    "normals":[-0.192428,0.81209,-0.550891,0.180704,-0.658078,0.730944,-0.147896,0.904424,-0.400181,0.156862,-0.472107,0.867473,0.011073,-0.031117,0.999454,0.024901,0.57378,0.818631,0.131531,0.720968,0.680371,0.118061,0.991416,-0.05618,-0.005727,-0.274206,0.961654,0.074164,0.944067,-0.321305,0.080899,0.890186,-0.448357,0.078954,0.889139,-0.450774,0.060701,0.851698,-0.520505,0.025343,0.797147,-0.603253,0.004062,0.359617,-0.933091,0,0.146152,-0.989262,0,-0.146152,-0.989262,0,-0.414162,-0.910203,0,-0.625536,-0.780195,-0,-0.776176,-0.630516,-0,-0.877281,-0.479976,0,-0.941981,-0.335666,0,-0.980158,-0.198218,-0,-0.997851,-0.065518,-0,-0.997851,0.06552,-0.066677,0.449483,0.890797,0.053736,-0.511181,-0.857792,0.040031,0.521381,0.852385,-0.813544,-0.439595,0.380659,0.164803,-0.177475,0.970228,0.316616,-0.573752,0.755356,-0.294685,0.496675,-0.816379,-0.105059,0.832501,-0.543972,-0.599132,0.416136,-0.684011,-0.708106,0.567297,-0.420427,0.733436,-0.559138,0.38657,0.27101,-0.3052,0.912911,0.195819,-0.475342,-0.857732,-0.207112,0.137786,0.968566,-0.75888,-0.524511,0.385991,-0.537585,-0.034563,0.842501,-0.376881,0.174493,0.909677,-0.73545,-0.47991,0.47833,-0.269976,-0.848006,0.456069,-0.731794,-0.681522,-0.002261,-1,0,-0,-1,0,-0,-0.16329,0.77666,0.608388,-0.844027,-0.536301,1e-06,-0.721681,-0.69175,0.025663,-0.586015,0.016632,0.810129,-0.49387,-0.709435,-0.502787,-0.799473,-0.171749,-0.575626,-0.872545,-0.446261,-0.198788,-0.778557,0.240404,-0.579702,-0.904161,-0.378096,-0.198836,-0.433283,-0.096679,-0.896057,-0.107291,-0.70399,0.702059,-0.581064,0.000515,0.813858,-0.356837,0.010304,0.93411,-0.644234,-0.062736,0.762251,-0.395834,0.169636,0.902518,-0.142163,0.533075,-0.834039,0.895467,0.065056,-0.440347,0.904273,-0.331391,-0.269202,1,0,-0,0.902942,-0.062811,-0.425147,0.902182,-0.227648,-0.366393,0.564111,-0.633382,0.529723,0.882865,0.194499,-0.427457,0.081919,-0.981253,0.174446,0.646978,-0.748741,-0.144246,0.426724,-0.787418,-0.444837,0.904788,-0.373601,-0.204403,0.466695,-0.431235,0.772161,0.873519,-0.469227,0.129582,0.914705,0.389594,0.107383,0.665374,-0.627998,0.403605,0.93262,0.357728,0.047438,0.74324,0.615344,0.262576,0.545442,-0.629195,0.553721,-0.169676,-0.875125,-0.453173,0.863598,-0.006218,-0.504143,-0.592277,-0.774036,-0.223779,0.249672,-0.967873,-0.029767,-0.292147,0.956354,0.006071,-0.594286,-0.086164,-0.799625,-0.937642,-0.33598,0.089132,-0.906546,-0.399574,0.136068,0.996513,-0.007723,-0.083082,0.753975,0.536144,-0.379568],
    "colors":[],
    "metadata":{
        "vertices":67,
        "version":3,
        "generator":"io_three",
        "materials":1,
        "uvs":0,
        "faces":99,
        "normals":91,
        "colors":0,
        "type":"Geometry"
    },
    "name":"CylinderGeometry.1",
    "uvs":[],
    "materials":[{
        "wireframe":false,
        "colorEmissive":[0,0,0],
        "specularCoef":50,
        "vertexColors":false,
        "depthWrite":true,
        "blending":"NormalBlending",
        "transparent":false,
        "colorDiffuse":[0.64,0.284251,0.434337],
        "DbgIndex":0,
        "shading":"phong",
        "DbgName":"Material.009",
        "DbgColor":15658734,
        "opacity":1,
        "depthTest":true,
        "colorSpecular":[0.5,0.5,0.5],
        "visible":true
    }],
    "skinWeights":[]
}