{
    "metadata":{
        "normal":189,
        "position":189,
        "version":3,
        "generator":"io_three",
        "type":"BufferGeometry",
        "uv":189
    },
    "data":{
        "attributes":{
            "normal":{
                "itemSize":3,
                "type":"Float32Array",
                "array":[-0.193211,0.971767,0.135416,-0.193211,0.971767,0.135416,-0.193211,0.971767,0.135416,0.024431,0.94801,-0.317303,0.024431,0.94801,-0.317303,0.024431,0.94801,-0.317303,-0.029603,0.999089,-0.030739,-0.029603,0.999089,-0.030739,-0.029603,0.999089,-0.030739,0.069172,0.995392,-0.066408,0.069172,0.995392,-0.066408,0.069172,0.995392,-0.066408,0.026347,0.992961,-0.11547,0.026347,0.992961,-0.11547,0.026347,0.992961,-0.11547,0.239302,0.953743,-0.181959,0.239302,0.953743,-0.181959,0.239302,0.953743,-0.181959,-0.066463,0.992251,0.10498,-0.066463,0.992251,0.10498,-0.066463,0.992251,0.10498,-0.039991,0.997681,-0.055085,-0.039991,0.997681,-0.055085,-0.039991,0.997681,-0.055085,0.000796,0.936788,-0.349897,0.000796,0.936788,-0.349897,0.000796,0.936788,-0.349897,-0.037956,0.989797,0.137337,-0.037956,0.989797,0.137337,-0.037956,0.989797,0.137337,0.00714,0.999967,0.003996,0.00714,0.999967,0.003996,0.00714,0.999967,0.003996,0.049732,0.998515,0.022252,0.049732,0.998515,0.022252,0.049732,0.998515,0.022252,0.360402,-0.579548,-0.730913,0.360402,-0.579548,-0.730913,0.360402,-0.579548,-0.730913,0.012131,0.999335,0.03438,0.012131,0.999335,0.03438,0.012131,0.999335,0.03438,0.093177,0.990202,-0.104011,0.093177,0.990202,-0.104011,0.093177,0.990202,-0.104011,0.038573,0.991906,-0.120975,0.038573,0.991906,-0.120975,0.038573,0.991906,-0.120975,0.222129,0.95322,-0.205013,0.222129,0.95322,-0.205013,0.222129,0.95322,-0.205013,-0.003937,0.997339,-0.072796,-0.003937,0.997339,-0.072796,-0.003937,0.997339,-0.072796,0.037462,0.992865,-0.113207,0.037462,0.992865,-0.113207,0.037462,0.992865,-0.113207,-0.114432,0.991427,-0.063069,-0.114432,0.991427,-0.063069,-0.114432,0.991427,-0.063069,-0.03945,0.99747,0.059144,-0.03945,0.99747,0.059144,-0.03945,0.99747,0.059144,-0.034049,0.995584,-0.087484,-0.034049,0.995584,-0.087484,-0.034049,0.995584,-0.087484,-0.132484,0.974989,-0.178448,-0.132484,0.974989,-0.178448,-0.132484,0.974989,-0.178448,0.025315,0.999182,0.031521,0.025315,0.999182,0.031521,0.025315,0.999182,0.031521,-0.091742,0.993855,-0.061925,-0.091742,0.993855,-0.061925,-0.091742,0.993855,-0.061925,0.239229,0.953768,-0.181925,0.239229,0.953768,-0.181925,0.239229,0.953768,-0.181925,-0.163236,0.960956,-0.223421,-0.163236,0.960956,-0.223421,-0.163236,0.960956,-0.223421,-0.431395,0.714008,-0.551444,-0.431395,0.714008,-0.551444,-0.431395,0.714008,-0.551444,-0.139843,0.969221,-0.202621,-0.139843,0.969221,-0.202621,-0.139843,0.969221,-0.202621,-0.037137,0.995836,-0.083253,-0.037137,0.995836,-0.083253,-0.037137,0.995836,-0.083253,0.223401,0.950664,-0.215242,0.223401,0.950664,-0.215242,0.223401,0.950664,-0.215242,0.091437,0.995622,0.019419,0.091437,0.995622,0.019419,0.091437,0.995622,0.019419,0.165828,0.959637,-0.227152,0.165828,0.959637,-0.227152,0.165828,0.959637,-0.227152,0.058288,0.995801,-0.070586,0.058288,0.995801,-0.070586,0.058288,0.995801,-0.070586,-0.020671,0.999115,-0.036643,-0.020671,0.999115,-0.036643,-0.020671,0.999115,-0.036643,-0.081531,0.996506,0.018115,-0.081531,0.996506,0.018115,-0.081531,0.996506,0.018115,-0.032577,0.999334,0.01646,-0.032577,0.999334,0.01646,-0.032577,0.999334,0.01646,-0.013187,0.947863,-0.318404,-0.013187,0.947863,-0.318404,-0.013187,0.947863,-0.318404,0.148952,0.988672,-0.018473,0.148952,0.988672,-0.018473,0.148952,0.988672,-0.018473,0.031401,0.996071,-0.082804,0.031401,0.996071,-0.082804,0.031401,0.996071,-0.082804,0.028482,0.999505,-0.013377,0.028482,0.999505,-0.013377,0.028482,0.999505,-0.013377,0.034524,0.933587,-0.356684,0.034524,0.933587,-0.356684,0.034524,0.933587,-0.356684,-0.022037,0.930731,-0.365041,-0.022037,0.930731,-0.365041,-0.022037,0.930731,-0.365041,0.086604,0.99219,-0.089775,0.086604,0.99219,-0.089775,0.086604,0.99219,-0.089775,0.000679,0.999968,0.007957,0.000679,0.999968,0.007957,0.000679,0.999968,0.007957,0.158315,0.985376,-0.063007,0.158315,0.985376,-0.063007,0.158315,0.985376,-0.063007,0.127884,0.964457,-0.231234,0.127884,0.964457,-0.231234,0.127884,0.964457,-0.231234,0.057181,0.991819,-0.114132,0.057181,0.991819,-0.114132,0.057181,0.991819,-0.114132,-0.032535,0.998584,-0.042093,-0.032535,0.998584,-0.042093,-0.032535,0.998584,-0.042093,0.039328,0.79447,-0.606029,0.039328,0.79447,-0.606029,0.039328,0.79447,-0.606029,-0.114189,0.992662,-0.039781,-0.114189,0.992662,-0.039781,-0.114189,0.992662,-0.039781,-0.03481,0.995524,-0.087867,-0.03481,0.995524,-0.087867,-0.03481,0.995524,-0.087867,-0.024547,0.998156,-0.055508,-0.024547,0.998156,-0.055508,-0.024547,0.998156,-0.055508,0.00095,0.973313,0.229481,0.00095,0.973313,0.229481,0.00095,0.973313,0.229481,0.023487,0.998144,-0.05619,0.023487,0.998144,-0.05619,0.023487,0.998144,-0.05619,-0.052079,0.995247,0.082289,-0.052079,0.995247,0.082289,-0.052079,0.995247,0.082289,0.004754,0.986494,-0.163726,0.004754,0.986494,-0.163726,0.004754,0.986494,-0.163726,-0.144169,0.946042,-0.290208,-0.144169,0.946042,-0.290208,-0.144169,0.946042,-0.290208,-0.122067,0.973624,-0.19276,-0.122067,0.973624,-0.19276,-0.122067,0.973624,-0.19276,-0.072792,0.993979,-0.081899,-0.072792,0.993979,-0.081899,-0.072792,0.993979,-0.081899,-0.092353,0.710437,-0.697675,-0.092353,0.710437,-0.697675,-0.092353,0.710437,-0.697675,-0.034779,0.997134,-0.067193,-0.034779,0.997134,-0.067193,-0.034779,0.997134,-0.067193,0.007924,0.99598,-0.08923,0.007924,0.99598,-0.08923,0.007924,0.99598,-0.08923]
            },
            "position":{
                "itemSize":3,
                "type":"Float32Array",