{
    "skinIndices":[],
    "bones":[],
    "colors":[16777215,0,16711422],
    "materials":[{
        "colorDiffuse":[0.6385,0.64,0.079788],
        "opacity":1,
        "depthTest":false,
        "DbgColor":15658734,
        "mapDiffuse":".",
        "mapDiffuseAnisotropy":1,
        "visible":true,
        "wireframe":false,
        "vertexColors":false,
        "depthWrite":false,
        "mapDiffuseRepeat":[1,1],
        "DbgIndex":0,
        "specularCoef":50,
        "colorSpecular":[0.5,0.182862,0.017906],
        "mapDiffuseWrap":["RepeatWrapping","RepeatWrapping"],
        "colorEmissive":[0,0,0],
        "transparent":false,
        "shading":"phong",
        "blending":"NoBlending",
        "DbgName":"Material.007"
    }],
    "faces":[170,0,8,9,0,0,1,2,0,0,0,0,0,0,170,2,16,18,0,3,4,5,1,1,1,0,0,0,170,6,34,36,0,6,7,8,2,2,2,0,0,0,170,28,9,8,0,14,9,10,3,3,3,0,0,0,170,8,20,22,0,10,11,12,4,4,4,0,0,0,170,22,29,28,0,12,13,14,5,5,5,0,0,0,170,8,22,28,0,10,12,14,6,6,6,0,0,0,170,32,11,17,0,19,15,16,7,7,7,0,0,0,170,17,31,27,0,16,17,18,8,8,8,0,0,0,170,17,27,32,0,16,18,19,9,9,9,0,0,0,170,13,39,40,0,20,21,22,10,10,10,0,0,0,171,15,22,19,17,0,23,24,25,26,11,11,11,11,0,0,0,0,171,16,31,33,21,0,27,28,29,30,12,12,12,12,0,0,0,0,171,18,16,21,23,0,31,32,33,34,13,13,13,13,0,0,0,0,170,17,11,15,0,35,36,37,14,14,14,0,0,0,170,22,20,14,0,38,39,40,15,15,15,0,0,0,170,5,21,33,0,47,41,42,16,16,16,0,0,0,170,33,37,39,0,42,43,44,17,17,17,0,0,0,170,39,13,4,0,44,45,46,18,18,18,0,0,0,170,4,5,33,0,46,47,42,19,19,19,0,0,0,170,33,39,4,0,42,44,46,20,20,20,0,0,0,171,23,21,5,4,0,48,49,50,51,21,21,21,21,0,0,0,0,170,10,19,22,0,57,52,53,22,22,22,0,0,0,170,22,14,42,0,53,54,55,23,23,23,0,0,0,170,42,41,10,0,55,56,57,24,24,24,0,0,0,170,22,42,10,0,53,55,57,25,25,25,0,0,0,170,24,25,2,0,58,59,60,26,26,26,0,0,0,171,26,27,25,24,0,61,62,63,64,27,27,27,27,0,0,0,0,171,28,29,22,15,0,65,66,67,68,28,28,28,28,0,0,0,0,171,33,31,17,19,0,69,70,71,72,29,29,29,29,0,0,0,0,170,32,27,26,0,73,74,75,30,30,30,0,0,0,170,27,31,16,0,80,76,77,31,31,31,0,0,0,170,16,2,25,0,77,78,79,32,32,32,0,0,0,170,16,25,27,0,77,79,80,33,33,33,0,0,0,170,30,37,38,0,81,82,83,34,34,34,0,0,0,170,47,36,34,0,88,84,85,35,35,35,0,0,0,170,34,44,46,0,85,86,87,36,36,36,0,2,2,170,34,46,47,0,85,87,88,37,37,37,0,2,0,170,34,35,7,0,89,90,91,38,38,38,0,0,0,170,10,38,37,0,96,92,93,39,39,39,0,0,0,170,37,33,19,0,93,94,95,40,40,40,0,0,0,170,37,19,10,0,93,95,96,41,41,41,0,0,0,171,39,37,30,12,0,97,98,99,100,42,42,42,42,0,0,0,0,171,40,39,12,3,0,101,102,103,104,43,43,43,43,0,0,0,0,170,6,41,42,0,110,105,106,44,44,44,0,0,0,170,42,14,35,0,106,107,108,45,45,45,0,0,0,170,35,34,6,0,108,109,110,46,46,46,0,0,0,170,42,35,6,0,106,108,110,47,47,47,0,0,0,170,43,46,45,0,111,87,112,48,48,48,0,2,0,171,47,46,43,1,0,88,87,111,113,49,49,49,49,0,2,0,0,170,7,45,46,0,114,112,87,50,50,50,0,0,2,170,44,34,7,0,86,85,114,51,51,51,2,0,0,170,46,44,7,0,87,86,114,52,52,52,2,2,0],
    "skinWeights":[],
    "metadata":{
        "generator":"io_three",
        "version":3,
        "colors":3,
        "materials":1,
        "faces":53,
        "uvs":1,
        "vertices":48,
        "normals":53,
        "type":"Geometry",
        "bones":0
    },
    "vertices":[-143.571,-0.051208,198.09,327.497,15.385,229.048,-236.341,-25.6374,-262.365,258.932,-14.9323,-162.422,171.62,-10.9917,-199.768,158.972,-9.22866,-207.403,302.852,5.32198,106.546,86.2115,7.94176,281.522,-88.7779,4.90514,240.701,-194.379,3.07002,103.199,297.453,-10.3564,28.0557,-340.546,-1.51501,-133.367,308.954,2.76762,-54.3224,201.009,-2.98569,-175.969,17.7886,-2.73519,254.644,-210.737,-15.4034,2.60386,-79.6207,-4.60797,-187.468,-119.095,-0.839737,-77.0301,-78.1429,-20.8181,-235.786,40.474,5.9231,-39.9275,-10.3237,-2.52481,252.226,83.6457,2.77676,-172.246,-4.19939,-2.43489,218.779,120.944,-15.5252,-221.161,-344.107,-11.3533,-222.918,-212.394,-19.7935,-185.278,-345.949,-6.45016,-183.304,-282.745,-7.78574,-174.102,-214.529,-5.965,42.3798,-185.154,-11.7155,47.4695,303.023,0.36038,-28.9614,-83.262,-2.95127,-154.819,-345.231,-1.99222,-143.968,78.7552,1.47561,-102.93,222.931,4.66333,162.105,46.3248,0.789251,272.055,324.917,8.32135,182.783,274.163,0.153851,-44.7287,288.887,-1.30536,-10.2978,265.741,-3.74417,-94.8125,229.983,-8.96176,-169.188,304.774,-9.70758,56.5966,271.715,-1.67091,99.2181,308.089,26.8251,243.266,263.585,7.82876,201.048,270.603,12.5235,254.074,301.589,11.5468,228.569,328.062,10.3578,204.61],
    "uvs":[[0.967921,0.586105,0.999572,0.487793,0.999572,0.744493,0.967064,0.487793,0.967064,0.764589,0.900491,0.736004,0.522333,0.862643,0.627288,0.765312,0.627288,0.947143,0.185553,0.713394,0.144149,0.460055,0.238495,0.398963,0.276935,0.42509,0.276935,0.759791,0.246771,0.800658,0.779517,0.081406,0.779517,0.40774,0.67692,0.438582,0.668633,0.116725,0.721311,0.000428,0.129286,0.91859,0.000428,0.809171,0.129286,0.777639,0.667776,0.000428,0.667776,0.430134,0.380908,0.213236,0.521186,0.015411,0.305554,0.737276,0.347821,0.726152,0.347821,0.943818,0.277791,0.945535,0.948789,0.47161,0.876548,0.477115,0.876908,0.267014,0.948789,0.243797,0.378543,0.398963,0.378543,0.725296,0.277791,0.506491,0.662334,0.82085,0.628145,0.789364,0.662334,0.765312,0.451836,0.430991,0.521477,0.438561,0.521477,0.784992,0.452983,0.772148,0.380908,0.619236,0.39268,0.563519,0.418371,0.554145,0.909858,0.850553,0.909858,0.926091,0.788482,0.886658,0.780373,0.860541,0.380052,0.000428,0.380052,0.360064,0.339588,0.398106,0.030411,0.123905,0.000428,0.049307,0.020788,0.00489,0.224707,0.961119,0.144149,0.834876,0.224707,0.801515,0.380908,0.950231,0.402822,0.8582,0.464482,0.785848,0.464482,0.935604,0.668633,0.813495,0.700412,0.773871,0.713837,0.439438,0.713837,0.869144,0.876548,0.238163,0.890594,0.020951,0.995742,0.000428,0.995742,0.242941,0.379987,0.726152,0.379987,0.853824,0.348678,0.76455,0.661947,0.752954,0.619781,0.764455,0.522333,0.50538,0.609392,0.510204,0.661947,0.430991,0.465339,0.795255,0.497628,0.785848,0.497628,0.830543,0.03692,0.776782,0.000428,0.598651,0.060865,0.66663,0.111443,0.717358,0.074442,0.771382,0.767204,0.439438,0.767204,0.728105,0.714694,0.679289,0.85409,0.841685,0.810261,0.832933,0.780373,0.487793,0.899634,0.490405,0.899634,0.849697,0.713837,0.941964,0.657357,0.901143,0.671696,0.870722,0.713837,0.870001,0.744102,0.912402,0.714694,0.783042,0.762169,0.728962,0.762169,0.912699,0.875691,0.000428,0.845182,0.074813,0.875691,0.486937,0.832218,0.459172,0.780373,0.175199,0.785375,0.032148,0.143292,0.749302,0.143292,0.668906,0.143292,0.761473,0.143292,0.398963]],
    "influencesPerVertex":2,
    "name":"PlaneGeometry.12",