{
    "metadata":{
        "generator":"io_three",
        "version":3,
        "colors":2,
        "materials":1,
        "faces":46,
        "uvs":1,
        "vertices":43,
        "type":"Geometry",
        "normals":46
    },
    "name":"PlaneGeometry.3",
    "uvs":[[0.967921,0.586105,0.999572,0.487793,0.999572,0.744493,0.967064,0.487793,0.967064,0.764589,0.900491,0.736004,0.522333,0.862643,0.627288,0.765312,0.627288,0.947143,0.185553,0.713394,0.144149,0.460055,0.238495,0.398963,0.276935,0.42509,0.276935,0.759791,0.246771,0.800658,0.779517,0.081406,0.779517,0.40774,0.67692,0.438582,0.668633,0.116725,0.721311,0.000428,0.129286,0.91859,0.000428,0.809171,0.129286,0.777639,0.667776,0.000428,0.667776,0.430134,0.380908,0.213236,0.521186,0.015411,0.305554,0.737276,0.347821,0.726152,0.347821,0.943818,0.277791,0.945535,0.948789,0.47161,0.876548,0.477115,0.876908,0.267014,0.948789,0.243797,0.378543,0.398963,0.378543,0.725296,0.277791,0.506491,0.662334,0.82085,0.628145,0.789364,0.662334,0.765312,0.451836,0.430991,0.521477,0.438561,0.521477,0.784992,0.452983,0.772148,0.380908,0.619236,0.39268,0.563519,0.418371,0.554145,0.909858,0.850553,0.909858,0.926091,0.788482,0.886658,0.780373,0.860541,0.380052,0.000428,0.380052,0.360064,0.339588,0.398106,0.030411,0.123905,0.000428,0.049307,0.020788,0.00489,0.224707,0.961119,0.144149,0.834876,0.224707,0.801515,0.380908,0.950231,0.402822,0.8582,0.464482,0.785848,0.464482,0.935604,0.668633,0.813495,0.700412,0.773871,0.713837,0.439438,0.713837,0.869144,0.876548,0.238163,0.890594,0.020951,0.995742,0.000428,0.995742,0.242941,0.379987,0.726152,0.379987,0.853824,0.348678,0.76455,0.661947,0.752954,0.619781,0.764455,0.522333,0.50538,0.609392,0.510204,0.661947,0.430991,0.465339,0.795255,0.497628,0.785848,0.497628,0.830543,0.03692,0.776782,0.000428,0.598651,0.143292,0.398963,0.143292,0.761473,0.767204,0.439438,0.767204,0.728105,0.714694,0.679289,0.85409,0.841685,0.810261,0.832933,0.780373,0.487793,0.899634,0.490405,0.899634,0.849697,0.713837,0.941964,0.657357,0.901143,0.671696,0.870722,0.713837,0.870001,0.744102,0.912402,0.714694,0.783042,0.762169,0.728962,0.762169,0.912699,0.875691,0.000428,0.845182,0.074813,0.875691,0.486937,0.832218,0.459172,0.780373,0.175199,0.785375,0.032148]],
    "vertices":[-169.337,-2.41179,148.808,307.505,15.0153,207.724,-262.966,-31.0956,-312.246,280.574,-9.38016,-235.787,136.427,-8.80784,-226.113,125.278,-4.07041,-211.502,274.77,-2.11344,56.066,63.8934,6.3671,210.204,-114.546,2.544,191.418,-211.721,-4.05024,48.8765,250.947,-9.06028,-38.1244,-360.801,-7.78742,-156.934,293.874,5.26663,-113.025,174.53,-4.07047,-222.53,-12.2149,-4.07045,177.47,-224.161,-15.5349,-70.1191,-101.534,-4.07046,-219.817,-143.471,-4.07047,-127.528,-95.9753,-18.4364,-268.189,15.0765,-4.07047,-89.7778,-40.3078,-4.07045,177.47,39.5691,-4.07043,-214.644,-33.6903,-4.07045,146.943,57.0127,-16.8546,-262.318,-365.817,-22.1042,-281.806,-269.1,-21.4094,-253.971,-390.798,-15.8164,-230.551,-327.288,-16.6718,-227.597,-222.328,-8.62228,-21.9712,-188.712,-8.73812,-16.0416,274.37,2.64314,-92.4857,-113.686,-4.07046,-193.076,-409.486,-7.28572,-202.994,30.5075,-4.07044,-168.447,197.109,1.00976,112.832,19.6305,0.296851,191.167,317.065,-1.9501,136.136,252.791,2.04907,-99.2074,252.235,-0.334174,-69.1757,258.239,2.47868,-145.722,268.524,-8.77684,-234.281,258.326,-11.5779,-6.12785,228.475,-2.8623,38.9088],
    "colors":[16777215,0],
    "materials":[{
        "colorDiffuse":[0.24,0.221579,0.07927],
        "opacity":1,
        "depthTest":true,
        "DbgColor":15658734,
        "visible":true,
        "wireframe":false,
        "vertexColors":false,
        "depthWrite":true,
        "DbgIndex":0,
        "specularCoef":49,
        "colorSpecular":[0.804348,0,0.000743],
        "colorEmissive":[0.0048,0.004432,0.001585],
        "transparent":false,
        "shading":"phong",
        "blending":"NormalBlending",
        "DbgName":"Material.002"
    }],
    "faces":[170,0,8,9,0,0,1,2,0,0,0,0,0,0,170,2,16,18,0,3,4,5,1,1,1,0,0,0,170,6,34,36,0,6,7,8,2,2,2,0,0,0,170,28,9,8,0,14,9,10,3,3,3,0,0,0,170,8,20,22,0,10,11,12,4,4,4,0,0,0,170,22,29,28,0,12,13,14,5,5,5,0,0,0,170,8,22,28,0,10,12,14,6,6,6,0,0,0,170,32,11,17,0,19,15,16,7,7,7,0,0,0,170,17,31,27,0,16,17,18,8,8,8,0,0,0,170,17,27,32,0,16,18,19,9,9,9,0,0,0,170,13,39,40,0,20,21,22,10,10,10,0,0,0,171,15,22,19,17,0,23,24,25,26,11,11,11,11,0,0,0,0,171,16,31,33,21,0,27,28,29,30,12,12,12,12,0,0,0,0,171,18,16,21,23,0,31,32,33,34,13,13,13,13,0,0,0,0,170,17,11,15,0,35,36,37,14,14,14,0,0,0,170,22,20,14,0,38,39,40,15,15,15,0,0,0,170,5,21,33,0,47,41,42,16,16,16,0,0,0,170,33,37,39,0,42,43,44,17,17,17,0,0,0,170,39,13,4,0,44,45,46,18,18,18,0,0,0,170,5,33,39,0,47,42,44,19,19,19,0,0,0,170,39,4,5,0,44,46,47,20,20,20,0,0,0,171,23,21,5,4,0,48,49,50,51,21,21,21,21,0,0,0,0,170,10,19,22,0,57,52,53,22,22,22,0,0,0,170,22,14,42,0,53,54,55,23,23,23,0,0,0,170,42,41,10,0,55,56,57,24,24,24,0,0,0,170,22,42,10,0,53,55,57,25,25,25,0,0,0,170,24,25,2,0,58,59,60,26,26,26,0,0,0,171,26,27,25,24,0,61,62,63,64,27,27,27,27,0,0,0,0,171,28,29,22,15,0,65,66,67,68,28,28,28,28,0,0,0,0,171,33,31,17,19,0,69,70,71,72,29,29,29,29,0,0,0,0,170,32,27,26,0,73,74,75,30,30,30,0,0,0,170,27,31,16,0,80,76,77,31,31,31,0,0,0,170,16,2,25,0,77,78,79,32,32,32,0,0,0,170,16,25,27,0,77,79,80,33,33,33,0,0,0,170,30,37,38,0,81,82,83,34,34,34,0,0,0,171,36,34,7,1,0,84,85,86,87,35,35,35,35,0,0,0,0,170,34,35,7,0,88,89,90,36,36,36,0,0,0,170,10,38,37,0,95,91,92,37,37,37,0,0,0,170,37,33,19,0,92,93,94,38,38,38,0,0,0,170,37,19,10,0,92,94,95,39,39,39,0,0,0,171,39,37,30,12,0,96,97,98,99,40,40,40,40,0,0,0,0,171,40,39,12,3,0,100,101,102,103,41,41,41,41,0,0,0,0,170,6,41,42,0,109,104,105,42,42,42,0,0,0,170,42,14,35,0,105,106,107,43,43,43,0,0,0,170,35,34,6,0,107,108,109,44,44,44,0,0,0,170,42,35,6,0,105,107,109,45,45,45,0,0,0],
    "normals":[-0.115103,0.03254,-0.99282,0.002369,-0.284447,-0.958689,0.027923,-0.016788,-0.999469,0.034241,-0.069466,-0.996997,0.092464,0.020044,-0.995514,0.010202,-0.03832,-0.999213,0.041348,-0.073028,-0.996472,-0.021659,0.033777,-0.999195,-0.054859,-0.024928,-0.998183,0.048185,-0.211441,-0.976202,0.034406,-0.122075,-0.991924,-0.046338,0.018534,-0.998754,-0,0,-1,0.004996,-0.270909,-0.962592,-0.03665,0.145911,-0.988619,0,-0,-1,-0,0,-1,-0.029324,0.005797,-0.999553,-0.12832,0.055419,-0.990183,-0.023541,-0.051816,-0.998379,0.077811,-0.253282,-0.964258,0.015911,-0.263997,-0.964392,0.020237,0.004169,-0.999787,-0.003573,0.002513,-0.99999,0.291449,0.00806,-0.956552,-0.042701,-0.092497,-0.994797,0.038921,-0.159853,-0.986373,0.023299,-0.116065,-0.992968,0.202585,-0.251743,-0.946353,-0,0,-1,0.025928,-0.279536,-0.959785,-0.054859,-0.024928,-0.998183,-0.066983,-0.170455,-0.983086,-0.044354,-0.270605,-0.961668,-0.051722,0.078053,-0.995607,-0.007633,-0.137312,-0.990498,-0.070445,-0.150629,-0.986077,-0.993523,-0.009386,-0.113241,-0.025936,-0.005087,-0.999651,-0.01825,0.178375,-0.983793,-0.07182,0.01868,-0.997243,0.034406,-0.122075,-0.991924,0.043961,-0.16165,-0.985868,-0.079701,-0.129828,-0.988328,-0.070445,-0.150629,-0.986077,-0.005624,-0.028454,-0.999579]
}