{
    "metadata":{
        "version":3,
        "type":"Geometry",
        "normals":55,
        "vertices":34,
        "uvs":0,
        "generator":"io_three",
        "faces":55
    },
    "name":"CubeGeometry",
    "vertices":[4.37674,-0.739501,-2.75402,3.58817,-0.601791,3.61033,-3.58824,-0.601611,3.61203,-3.78166,-0.673306,-3.19159,4.67453,0.538764,-1.36262,5.13981,1.01035,4.46634,-5.08022,1.04846,5.80968,-5.66919,1.6348,-2.67051,-1.19252,1.92082,0.263092,3.21921,0.932588,0.444831,4.39986,1.12394,0.207239,3.41423,1.38779,-4.01146,-0.71924,1.9208,-6.04406,-3.43562,1.4363,-4.3807,-2.9526,1.78572,-0.44931,-6.58411,1.79952,2.49785,2.09623,1.6685,5.69393,2.23276,1.20602,1.58165,1.97448,0.8018,-4.3789,1.17144,-0.640911,-5.0442,-0.627837,1.86532,5.50108,1.72775,1.81096,-5.21426,1.46807,1.02505,0.090619,2.47943,1.73302,-5.55398,1.58533,1.05071,-2.12429,-2.44801,1.53138,5.62723,-3.77146,1.28857,5.71896,-2.92919,1.6146,-3.15325,4.59682,1.12777,4.68535,-0.137296,1.66866,4.23478,-4.70888,2.05881,1.16718,2.1525,1.53869,4.02653,3.95686,1.24253,-1.6889,-5.31506,2.42297,-2.50253],
    "uvs":[],
    "normals":[-0.042416,0.01636,0.998966,-2.3e-05,0.010538,0.999945,0.007452,0.002439,0.999969,0.201023,-0.094925,-0.974976,0.405494,-0.151121,0.901519,0.262605,-0.071287,0.962267,0.405494,-0.151121,0.901519,0.823136,0.050089,0.565631,0.000197,0.883137,0.469114,0.018537,0.507739,0.861311,0.17906,0.665571,0.724537,0.122642,0.941925,0.312628,0.071025,0.66951,0.7394,-0.722743,0.027824,0.690557,-0.378952,-0.037614,0.924652,-0.772983,0.009825,0.634351,0.65251,-0.707689,-0.270935,0.207508,-0.009963,-0.978183,-0.225545,-0.408451,-0.884476,0.197353,-0.125808,-0.972226,0.036298,-0.002451,-0.999338,-0.208373,-0.055868,-0.976452,0.065947,0.241257,-0.968218,0.007078,0.110679,-0.993831,-0.180599,-0.063252,-0.981521,0.2521,-0.240187,-0.93742,-0.910351,0.18701,-0.369172,-0.534816,-0.744808,-0.399039,0.064422,-0.098503,-0.993049,0.157534,0.123803,-0.979722,-0.251796,-0.94128,-0.224922,-0.157534,-0.123803,0.979722,-0.116391,-0.036808,0.992521,0.404263,-0.750675,0.52255,0.033746,-0.228306,0.973004,-0.075597,-0.758962,0.646731,-0.010699,0.165766,-0.986107,-0.190827,-0.222409,-0.956096,0.255636,0.005906,-0.966755,0.040694,-0.13625,-0.989838,0.183733,-0.070133,-0.980471,-0.095716,0.084395,-0.991825,-0.228755,-0.000833,-0.973484,-0.133117,0.129835,-0.982559,0.186659,-0.073665,-0.979659,0.010908,0.70817,0.705958,0.119916,0.017848,-0.992624,-0.050795,-0.063516,-0.996687,0.296595,-0.233768,-0.92595,-0.190827,-0.222408,-0.956096,0.317578,-0.024193,-0.947923,-0.005732,-0.172627,-0.984971,-0.032215,0.173205,-0.984359,0.051879,0.049543,-0.997424,-0.06044,0.207647,-0.976335],
    "faces":[32,19,0,1,0,0,0,32,1,2,3,1,1,1,32,1,3,19,2,2,2,32,5,4,18,3,3,3,32,18,11,32,4,4,4,32,10,5,18,5,5,5,32,18,32,10,6,6,6,33,0,4,5,1,7,7,7,7,32,2,1,5,8,8,8,32,5,28,25,9,9,9,32,26,6,2,10,10,10,32,5,25,26,11,11,11,32,5,26,2,12,12,12,32,3,2,6,13,13,13,32,6,15,7,14,14,14,32,6,7,3,15,15,15,33,4,0,19,18,16,16,16,16,32,28,5,10,17,17,17,32,10,9,17,18,18,18,32,17,31,28,19,19,19,32,10,17,28,20,20,20,32,12,13,27,21,21,21,32,27,24,21,22,22,22,32,27,21,12,23,23,23,32,7,15,30,24,24,24,32,33,27,13,25,25,25,32,7,30,33,26,26,26,32,33,13,7,27,27,27,33,16,31,29,20,28,28,28,28,32,11,23,21,29,29,29,33,18,19,3,7,30,30,30,30,32,21,23,11,31,31,31,32,18,7,13,32,32,32,32,21,11,18,33,33,33,32,13,12,21,34,34,34,32,21,18,13,35,35,35,33,21,24,32,11,36,36,36,36,32,20,29,25,37,37,37,33,27,33,30,14,38,38,38,38,33,29,31,17,22,39,39,39,39,32,28,31,16,40,40,40,32,10,32,24,41,41,41,32,24,22,17,42,42,42,32,9,10,24,43,43,43,32,24,17,9,44,44,44,33,25,28,16,20,45,45,45,45,32,22,24,27,46,46,46,32,27,14,8,47,47,47,32,27,8,22,48,48,48,32,26,25,29,49,49,49,32,29,22,8,50,50,50,32,8,14,30,51,51,51,32,30,26,29,52,52,52,32,29,8,30,53,53,53,33,26,30,15,6,54,54,54,54]
}