{
    "metadata":{
        "version":3,
        "uvs":1,
        "vertices":43,
        "generator":"io_three",
        "type":"Geometry",
        "faces":46,
        "normals":46
    },
    "uvs":[[0.967921,0.586105,0.999572,0.487793,0.999572,0.744493,0.967064,0.487793,0.967064,0.764589,0.900491,0.736004,0.522333,0.862643,0.627288,0.765312,0.627288,0.947143,0.185553,0.713394,0.144149,0.460055,0.238495,0.398963,0.276935,0.42509,0.276935,0.759791,0.246771,0.800658,0.779517,0.081406,0.779517,0.40774,0.67692,0.438582,0.668633,0.116725,0.721311,0.000428,0.129286,0.91859,0.000428,0.809171,0.129286,0.777639,0.667776,0.000428,0.667776,0.430134,0.380908,0.213236,0.521186,0.015411,0.305554,0.737276,0.347821,0.726152,0.347821,0.943818,0.277791,0.945535,0.948789,0.47161,0.876548,0.477115,0.876908,0.267014,0.948789,0.243797,0.378543,0.398963,0.378543,0.725296,0.277791,0.506491,0.662334,0.82085,0.628145,0.789364,0.662334,0.765312,0.451836,0.430991,0.521477,0.438561,0.521477,0.784992,0.452983,0.772148,0.380908,0.619236,0.39268,0.563519,0.418371,0.554145,0.909858,0.850553,0.909858,0.926091,0.788482,0.886658,0.780373,0.860541,0.380052,0.000428,0.380052,0.360064,0.339588,0.398106,0.030411,0.123905,0.000428,0.049307,0.020788,0.00489,0.224707,0.961119,0.144149,0.834876,0.224707,0.801515,0.380908,0.950231,0.402822,0.8582,0.464482,0.785848,0.464482,0.935604,0.668633,0.813495,0.700412,0.773871,0.713837,0.439438,0.713837,0.869144,0.876548,0.238163,0.890594,0.020951,0.995742,0.000428,0.995742,0.242941,0.379987,0.726152,0.379987,0.853824,0.348678,0.76455,0.661947,0.752954,0.619781,0.764455,0.522333,0.50538,0.609392,0.510204,0.661947,0.430991,0.465339,0.795255,0.497628,0.785848,0.497628,0.830543,0.03692,0.776782,0.000428,0.598651,0.143292,0.398963,0.143292,0.761473,0.767204,0.439438,0.767204,0.728105,0.714694,0.679289,0.85409,0.841685,0.810261,0.832933,0.780373,0.487793,0.899634,0.490405,0.899634,0.849697,0.713837,0.941964,0.657357,0.901143,0.671696,0.870722,0.713837,0.870001,0.744102,0.912402,0.714694,0.783042,0.762169,0.728962,0.762169,0.912699,0.875691,0.000428,0.845182,0.074813,0.875691,0.486937,0.832218,0.459172,0.780373,0.175199,0.785375,0.032148]],
    "vertices":[-208.641,4.66712,148.011,268.201,22.0942,206.926,-302.27,-24.0167,-313.044,241.27,-2.30126,-236.584,97.1234,-1.72894,-226.91,85.9741,3.00849,-212.3,235.466,4.96546,55.2683,24.5896,13.446,209.407,-153.849,9.6229,190.62,-251.025,3.02867,48.0789,211.644,-1.98138,-38.9221,-400.105,-0.708521,-157.731,254.57,12.3455,-113.823,135.227,3.00843,-223.328,-51.5187,3.00845,176.672,-263.465,-8.45596,-70.9167,-140.838,3.00845,-220.615,-182.774,3.00844,-128.326,-135.279,-11.3575,-268.987,-24.2273,3.00844,-90.5754,-79.6116,3.00845,176.672,0.265247,3.00848,-215.442,-72.9941,3.00845,146.145,17.7089,-9.77572,-263.115,-405.121,-15.0253,-282.604,-308.404,-14.3305,-254.768,-430.102,-8.73753,-231.348,-366.592,-9.59294,-228.395,-261.632,-1.54338,-22.7688,-228.016,-1.65922,-16.8392,235.066,9.72204,-93.2833,-152.989,3.00844,-193.873,-448.79,-0.206813,-203.792,-8.79636,3.00846,-169.245,157.805,8.08866,112.034,-19.6733,7.37575,190.369,277.761,5.12881,135.338,213.487,9.12797,-100.005,212.932,6.74473,-69.9734,218.935,9.55758,-146.52,229.221,-1.69794,-235.078,219.022,-4.49902,-6.92547,189.171,4.2166,38.1112],
    "name":"PlaneGeometry.1",
    "faces":[40,0,8,9,0,1,2,0,0,0,40,2,16,18,3,4,5,1,1,1,40,6,34,36,6,7,8,2,2,2,40,28,9,8,14,9,10,3,3,3,40,8,20,22,10,11,12,4,4,4,40,22,29,28,12,13,14,5,5,5,40,8,22,28,10,12,14,6,6,6,40,32,11,17,19,15,16,7,7,7,40,17,31,27,16,17,18,8,8,8,40,17,27,32,16,18,19,9,9,9,40,13,39,40,20,21,22,10,10,10,41,15,22,19,17,23,24,25,26,11,11,11,11,41,16,31,33,21,27,28,29,30,12,12,12,12,41,18,16,21,23,31,32,33,34,13,13,13,13,40,17,11,15,35,36,37,14,14,14,40,22,20,14,38,39,40,15,15,15,40,5,21,33,47,41,42,16,16,16,40,33,37,39,42,43,44,17,17,17,40,39,13,4,44,45,46,18,18,18,40,5,33,39,47,42,44,19,19,19,40,39,4,5,44,46,47,20,20,20,41,23,21,5,4,48,49,50,51,21,21,21,21,40,10,19,22,57,52,53,22,22,22,40,22,14,42,53,54,55,23,23,23,40,42,41,10,55,56,57,24,24,24,40,22,42,10,53,55,57,25,25,25,40,24,25,2,58,59,60,26,26,26,41,26,27,25,24,61,62,63,64,27,27,27,27,41,28,29,22,15,65,66,67,68,28,28,28,28,41,33,31,17,19,69,70,71,72,29,29,29,29,40,32,27,26,73,74,75,30,30,30,40,27,31,16,80,76,77,31,31,31,40,16,2,25,77,78,79,32,32,32,40,16,25,27,77,79,80,33,33,33,40,30,37,38,81,82,83,34,34,34,41,36,34,7,1,84,85,86,87,35,35,35,35,40,34,35,7,88,89,90,36,36,36,40,10,38,37,95,91,92,37,37,37,40,37,33,19,92,93,94,38,38,38,40,37,19,10,92,94,95,39,39,39,41,39,37,30,12,96,97,98,99,40,40,40,40,41,40,39,12,3,100,101,102,103,41,41,41,41,40,6,41,42,109,104,105,42,42,42,40,42,14,35,105,106,107,43,43,43,40,35,34,6,107,108,109,44,44,44,40,42,35,6,105,107,109,45,45,45],
    "normals":[-0.115103,0.03254,-0.99282,0.002369,-0.284447,-0.958689,0.027923,-0.016788,-0.999469,0.034241,-0.069466,-0.996997,0.092464,0.020044,-0.995514,0.010202,-0.03832,-0.999213,0.041348,-0.073028,-0.996472,-0.021659,0.033777,-0.999195,-0.054859,-0.024928,-0.998183,0.048185,-0.211441,-0.976202,0.034406,-0.122075,-0.991924,-0.046338,0.018534,-0.998754,-0,0,-1,0.004996,-0.270909,-0.962592,-0.03665,0.145911,-0.988619,0,-0,-1,-0,0,-1,-0.029324,0.005797,-0.999553,-0.12832,0.055419,-0.990183,-0.023541,-0.051816,-0.998379,0.077811,-0.253282,-0.964258,0.015911,-0.263997,-0.964392,0.020237,0.004169,-0.999787,-0.003573,0.002513,-0.99999,0.291449,0.00806,-0.956552,-0.042701,-0.092497,-0.994797,0.038921,-0.159853,-0.986373,0.023299,-0.116065,-0.992968,0.202585,-0.251743,-0.946354,-0,0,-1,0.025928,-0.279536,-0.959785,-0.054859,-0.024928,-0.998183,-0.066983,-0.170455,-0.983086,-0.044354,-0.270605,-0.961668,-0.051722,0.078052,-0.995607,-0.007633,-0.137312,-0.990498,-0.070445,-0.150629,-0.986077,-0.993523,-0.009386,-0.113241,-0.025936,-0.005087,-0.999651,-0.01825,0.178375,-0.983793,-0.07182,0.01868,-0.997243,0.034406,-0.122075,-0.991924,0.043961,-0.16165,-0.985869,-0.079701,-0.129828,-0.988328,-0.070445,-0.150629,-0.986077,-0.005624,-0.028454,-0.999579]
}