{
    "metadata":{
        "generator":"io_three",
        "version":3,
        "colors":3,
        "materials":1,
        "faces":53,
        "uvs":1,
        "vertices":48,
        "type":"Geometry",
        "normals":53
    },
    "name":"PlaneGeometry.3",
    "uvs":[[0.967921,0.586105,0.999572,0.487793,0.999572,0.744493,0.967064,0.487793,0.967064,0.764589,0.900491,0.736004,0.522333,0.862643,0.627288,0.765312,0.627288,0.947143,0.185553,0.713394,0.144149,0.460055,0.238495,0.398963,0.276935,0.42509,0.276935,0.759791,0.246771,0.800658,0.779517,0.081406,0.779517,0.40774,0.67692,0.438582,0.668633,0.116725,0.721311,0.000428,0.129286,0.91859,0.000428,0.809171,0.129286,0.777639,0.667776,0.000428,0.667776,0.430134,0.380908,0.213236,0.521186,0.015411,0.305554,0.737276,0.347821,0.726152,0.347821,0.943818,0.277791,0.945535,0.948789,0.47161,0.876548,0.477115,0.876908,0.267014,0.948789,0.243797,0.378543,0.398963,0.378543,0.725296,0.277791,0.506491,0.662334,0.82085,0.628145,0.789364,0.662334,0.765312,0.451836,0.430991,0.521477,0.438561,0.521477,0.784992,0.452983,0.772148,0.380908,0.619236,0.39268,0.563519,0.418371,0.554145,0.909858,0.850553,0.909858,0.926091,0.788482,0.886658,0.780373,0.860541,0.380052,0.000428,0.380052,0.360064,0.339588,0.398106,0.030411,0.123905,0.000428,0.049307,0.020788,0.00489,0.224707,0.961119,0.144149,0.834876,0.224707,0.801515,0.380908,0.950231,0.402822,0.8582,0.464482,0.785848,0.464482,0.935604,0.668633,0.813495,0.700412,0.773871,0.713837,0.439438,0.713837,0.869144,0.876548,0.238163,0.890594,0.020951,0.995742,0.000428,0.995742,0.242941,0.379987,0.726152,0.379987,0.853824,0.348678,0.76455,0.661947,0.752954,0.619781,0.764455,0.522333,0.50538,0.609392,0.510204,0.661947,0.430991,0.465339,0.795255,0.497628,0.785848,0.497628,0.830543,0.03692,0.776782,0.000428,0.598651,0.060865,0.66663,0.111443,0.717358,0.074442,0.771382,0.767204,0.439438,0.767204,0.728105,0.714694,0.679289,0.85409,0.841685,0.810261,0.832933,0.780373,0.487793,0.899634,0.490405,0.899634,0.849697,0.713837,0.941964,0.657357,0.901143,0.671696,0.870722,0.713837,0.870001,0.744102,0.912402,0.714694,0.783042,0.762169,0.728962,0.762169,0.912699,0.875691,0.000428,0.845182,0.074813,0.875691,0.486937,0.832218,0.459172,0.780373,0.175199,0.785375,0.032148,0.143292,0.749302,0.143292,0.668906,0.143292,0.761473,0.143292,0.398963]],
    "vertices":[-125.462,92.2455,190.988,345.606,107.682,221.946,-218.231,66.6593,-269.467,277.042,77.3645,-169.523,189.73,81.3051,-206.87,177.081,83.0681,-214.505,320.962,97.6187,99.444,104.321,100.239,274.42,-70.6684,97.2019,233.599,-176.269,95.3668,96.097,315.563,81.9403,20.9538,-322.436,90.7817,-140.469,327.064,95.0644,-61.4242,219.119,89.3111,-183.071,35.8981,89.5616,247.542,-192.628,76.8934,-4.49797,-61.5112,87.6888,-194.57,-100.985,91.457,-84.1319,-60.0334,71.4786,-242.887,58.5835,98.2199,-47.0294,7.78583,89.7719,245.124,101.755,95.0735,-179.348,13.9101,89.8619,211.677,139.054,76.7716,-228.263,-325.997,80.9435,-230.02,-194.285,72.5032,-192.38,-327.84,85.8466,-190.405,-264.635,84.511,-181.204,-196.419,86.3317,35.278,-167.045,80.5813,40.3676,321.133,92.6571,-36.0632,-65.1525,89.3455,-161.92,-327.122,90.3045,-151.07,96.8647,93.7724,-110.032,241.041,96.9601,155.003,64.4343,93.086,264.953,343.027,100.618,175.682,292.272,92.4506,-51.8305,306.996,90.9914,-17.3996,283.851,88.5526,-101.914,248.092,83.335,-176.29,322.883,82.5892,49.4948,289.825,90.6258,92.1163,326.198,119.122,236.165,281.695,100.126,193.946,288.713,104.82,246.972,319.698,103.844,221.467,346.172,102.655,197.509],
    "colors":[16777215,0,16711422],
    "materials":[{
        "colorDiffuse":[0.8,0.738598,0.264233],
        "opacity":1,
        "depthTest":true,
        "DbgColor":15658734,
        "visible":true,
        "wireframe":false,
        "vertexColors":false,
        "depthWrite":true,
        "DbgIndex":0,
        "colorEmissive":[0.016,0.014772,0.005285],
        "transparent":false,
        "shading":"basic",
        "blending":"NormalBlending",
        "DbgName":"Material.002"
    }],
    "faces":[170,0,8,9,0,0,1,2,0,0,0,0,0,0,170,2,16,18,0,3,4,5,1,1,1,0,0,0,170,6,34,36,0,6,7,8,2,2,2,0,0,0,170,28,9,8,0,14,9,10,3,3,3,0,0,0,170,8,20,22,0,10,11,12,4,4,4,0,0,0,170,22,29,28,0,12,13,14,5,5,5,0,0,0,170,8,22,28,0,10,12,14,6,6,6,0,0,0,170,32,11,17,0,19,15,16,7,7,7,0,0,0,170,17,31,27,0,16,17,18,8,8,8,0,0,0,170,17,27,32,0,16,18,19,9,9,9,0,0,0,170,13,39,40,0,20,21,22,10,10,10,0,0,0,171,15,22,19,17,0,23,24,25,26,11,11,11,11,0,0,0,0,171,16,31,33,21,0,27,28,29,30,12,12,12,12,0,0,0,0,171,18,16,21,23,0,31,32,33,34,13,13,13,13,0,0,0,0,170,17,11,15,0,35,36,37,14,14,14,0,0,0,170,22,20,14,0,38,39,40,15,15,15,0,0,0,170,5,21,33,0,47,41,42,16,16,16,0,0,0,170,33,37,39,0,42,43,44,17,17,17,0,0,0,170,39,13,4,0,44,45,46,18,18,18,0,0,0,170,4,5,33,0,46,47,42,19,19,19,0,0,0,170,33,39,4,0,42,44,46,20,20,20,0,0,0,171,23,21,5,4,0,48,49,50,51,21,21,21,21,0,0,0,0,170,10,19,22,0,57,52,53,22,22,22,0,0,0,170,22,14,42,0,53,54,55,23,23,23,0,0,0,170,42,41,10,0,55,56,57,24,24,24,0,0,0,170,22,42,10,0,53,55,57,25,25,25,0,0,0,170,24,25,2,0,58,59,60,26,26,26,0,0,0,171,26,27,25,24,0,61,62,63,64,27,27,27,27,0,0,0,0,171,28,29,22,15,0,65,66,67,68,28,28,28,28,0,0,0,0,171,33,31,17,19,0,69,70,71,72,29,29,29,29,0,0,0,0,170,32,27,26,0,73,74,75,30,30,30,0,0,0,170,27,31,16,0,80,76,77,31,31,31,0,0,0,170,16,2,25,0,77,78,79,32,32,32,0,0,0,170,16,25,27,0,77,79,80,33,33,33,0,0,0,170,30,37,38,0,81,82,83,34,34,34,0,0,0,170,47,36,34,0,88,84,85,35,35,35,0,0,0,170,34,44,46,0,85,86,87,36,36,36,0,2,2,170,34,46,47,0,85,87,88,37,37,37,0,2,0,170,34,35,7,0,89,90,91,38,38,38,0,0,0,170,10,38,37,0,96,92,93,39,39,39,0,0,0,170,37,33,19,0,93,94,95,40,40,40,0,0,0,170,37,19,10,0,93,95,96,41,41,41,0,0,0,171,39,37,30,12,0,97,98,99,100,42,42,42,42,0,0,0,0,171,40,39,12,3,0,101,102,103,104,43,43,43,43,0,0,0,0,170,6,41,42,0,110,105,106,44,44,44,0,0,0,170,42,14,35,0,106,107,108,45,45,45,0,0,0,170,35,34,6,0,108,109,110,46,46,46,0,0,0,170,42,35,6,0,106,108,110,47,47,47,0,0,0,170,43,46,45,0,111,87,112,48,48,48,0,2,0,171,47,46,43,1,0,88,87,111,113,49,49,49,49,0,2,0,0,170,7,45,46,0,114,112,87,50,50,50,0,0,2,170,44,34,7,0,86,85,114,51,51,51,2,0,0,170,46,44,7,0,87,86,114,52,52,52,2,2,0],
    "normals":[-0.193211,0.135416,-0.971767,0.024431,-0.317302,-0.94801,-0.029603,-0.030739,-0.999089,0.287615,-0.233284,-0.9289,0.091437,0.019419,-0.995621,0.232641,-0.295929,-0.926447,0.061938,-0.093738,-0.993668,0.009454,-0.049135,-0.998747,-0.020671,-0.036643,-0.999115,0.03184,-0.124639,-0.991691,0.239302,-0.181959,-0.953743,-0.078506,0.035865,-0.996268,-0.034966,-0.006411,-0.999368,-0.005244,-0.336349,-0.941723,-0.037956,0.137337,-0.989797,0.00714,0.003996,-0.999967,0.171216,0.030565,-0.984759,0.031401,-0.082804,-0.996071,-0.554321,0.448689,-0.701004,0.136217,0.003086,-0.990674,0.031996,-0.097382,-0.994733,0.006452,-0.430823,-0.902413,0.052292,0.041265,-0.997779,0.000679,0.007957,-0.999968,0.158315,-0.063007,-0.985376,-0.065171,-0.144087,-0.987417,0.093177,-0.104011,-0.990202,0.094802,-0.190573,-0.977085,0.09852,-0.137195,-0.985632,-0.019085,-0.05655,-0.998217,0.037462,-0.113207,-0.992865,-0.019094,-0.052792,-0.998423,-0.114189,-0.039781,-0.992662,-0.065717,-0.892694,-0.445847,-0.03945,0.059144,-0.99747,-0.017386,-0.090399,-0.995754,-0.157151,0.084073,-0.98399,-0.023497,-0.075435,-0.996874,-0.132484,-0.178448,-0.974989,-0.654241,0.309029,-0.690267,0.023488,-0.05619,-0.998144,0.027215,0.134332,-0.990563,-0.079584,-0.017067,-0.996682,0.105753,-0.172704,-0.97928,-0.144169,-0.290208,-0.946042,-0.063513,-0.096963,-0.99326,-0.135689,-0.183645,-0.973582,-0.1626,-0.225713,-0.960528,-0.431395,-0.551444,-0.714008,-0.123436,-0.442221,-0.888371,-0.037137,-0.083253,-0.995836,-0.024548,-0.055508,-0.998156,-0.037137,-0.083253,-0.995836]
}