{
    "vertices":[-1.54589,1.42856,-1.00778,-1.51646,1.43774,-1.10082,-1.50277,1.45777,-1.19578,-1.50533,1.4879,-1.28902,-1.52406,1.52696,-1.37695,-1.55822,1.57345,-1.45619,-1.60652,1.62558,-1.52369,-1.66709,1.68136,-1.57686,-1.73761,1.73863,-1.61366,-2.85734,1.96647,-1.78187,-1.81536,1.7952,-1.63268,-1.89736,1.8489,-1.63318,-1.98046,1.89765,-1.61514,-2.06146,1.93959,-1.57926,-2.13725,1.9731,-1.52691,-2.20492,1.9969,-1.46012,-2.26186,2.01008,-1.38143,-2.3059,2.01211,-1.29389,-2.33533,2.00294,-1.20084,-2.34903,1.9829,-1.10588,-2.34646,1.95277,-1.01264,-2.32774,1.91372,-0.924715,-2.29357,1.86723,-0.845478,-2.24527,1.81509,-0.777975,-2.1847,1.75931,-0.724801,-2.11418,1.70204,-0.687999,-2.03643,1.64547,-0.668983,-1.95443,1.59177,-0.668485,-1.87133,1.54302,-0.686523,-1.79033,1.50108,-0.722404,-1.71454,1.46757,-0.774749,-1.64687,1.44377,-0.841547,-1.58993,1.4306,-0.920231],
    "skinIndices":[],
    "faces":[34,0,9,1,0,0,0,0,34,1,9,2,0,1,1,1,34,2,9,3,0,2,2,2,34,3,9,4,0,3,3,3,34,4,9,5,0,4,4,4,34,5,9,6,0,5,5,5,34,6,9,7,0,6,6,6,34,7,9,8,0,7,7,7,34,8,9,10,0,8,8,8,34,10,9,11,0,9,9,9,34,11,9,12,0,10,10,10,34,12,9,13,0,11,11,11,34,13,9,14,0,12,12,12,34,14,9,15,0,13,13,13,34,15,9,16,0,14,14,14,34,16,9,17,0,15,15,15,34,17,9,18,0,16,16,16,34,18,9,19,0,17,17,17,34,19,9,20,0,18,18,18,34,20,9,21,0,19,19,19,34,21,9,22,0,20,20,20,34,22,9,23,0,21,21,21,34,23,9,24,0,22,22,22,34,24,9,25,0,23,23,23,34,25,9,26,0,24,24,24,34,26,9,27,0,25,25,25,34,27,9,28,0,26,26,26,34,28,9,29,0,27,27,27,34,29,9,30,0,28,28,28,34,30,9,31,0,29,29,29,34,31,9,32,0,30,30,30,34,32,9,0,0,31,31,31,34,32,0,1,0,32,32,32,34,1,2,3,0,33,33,33,34,3,4,5,0,34,34,34,34,5,6,7,0,35,35,35,34,7,8,10,0,36,36,36,34,10,11,12,0,37,37,37,34,12,13,14,0,38,38,38,34,14,15,16,0,39,39,39,34,16,17,18,0,40,40,40,34,18,19,20,0,41,41,41,34,20,21,22,0,42,42,42,34,22,23,24,0,43,43,43,34,24,25,26,0,44,44,44,34,26,27,28,0,45,45,45,34,28,29,30,0,46,46,46,34,30,31,32,0,47,47,47,34,32,1,3,0,48,48,48,34,3,5,7,0,49,49,49,34,7,10,12,0,50,50,50,34,12,14,16,0,51,51,51,34,16,18,20,0,52,52,52,34,20,22,24,0,53,53,53,34,24,26,28,0,54,54,54,34,28,30,32,0,55,55,55,34,32,3,7,0,56,56,56,34,7,12,16,0,57,57,57,34,16,20,24,0,58,58,58,34,24,28,32,0,59,59,59,34,32,7,16,0,60,60,60,34,16,24,32,0,61,61,61],
    "influencesPerVertex":2,
    "normals":[-0.279621,-0.181426,0.942813,-0.251268,-0.234376,0.939113,-0.22179,-0.294275,0.92963,-0.189808,-0.36454,0.911638,-0.153327,-0.450044,0.879745,-0.109222,-0.557471,0.82298,-0.05262,-0.693626,0.718411,0.02217,-0.853278,0.520985,0.111099,-0.978087,0.176074,0.179195,-0.947488,-0.264868,0.193717,-0.765616,-0.613438,0.170346,-0.561736,-0.809589,0.130843,-0.393228,-0.910084,0.082826,-0.258969,-0.962328,0.02617,-0.146593,-0.988851,-0.042942,-0.044823,-0.998072,-0.131484,0.056013,-0.989735,-0.25045,0.165143,-0.953941,-0.413796,0.290185,-0.862882,-0.621852,0.424717,-0.657964,-0.806983,0.516259,-0.286802,-0.854337,0.498959,0.145426,-0.78599,0.409354,0.463303,-0.691815,0.31267,0.650868,-0.608713,0.229994,0.759323,-0.541323,0.161282,0.825202,-0.486679,0.102726,0.86752,-0.441317,0.050919,0.895905,-0.402518,0.003277,0.915406,-0.368289,-0.042175,0.928754,-0.337147,-0.08708,0.937416,-0.307924,-0.132961,0.942074,0.529699,0.247556,-0.811255,0.529703,0.247559,-0.811252,0.5297,0.24756,-0.811253,0.529699,0.247564,-0.811253,0.529702,0.247561,-0.811252,0.529704,0.247559,-0.811251,0.529702,0.247554,-0.811254,0.529701,0.247556,-0.811254,0.529696,0.247555,-0.811258,0.529697,0.247559,-0.811255,0.529699,0.247561,-0.811254,0.529713,0.247549,-0.811249,0.529705,0.247555,-0.811252,0.529703,0.247564,-0.81125,0.529704,0.247558,-0.811251,0.529701,0.247555,-0.811254,0.529705,0.247558,-0.811251,0.529705,0.247557,-0.811251,0.529704,0.247556,-0.811252,0.529704,0.247558,-0.811251,0.529704,0.247558,-0.811251,0.529706,0.247556,-0.811251,0.529703,0.247558,-0.811252,0.529704,0.247559,-0.811251,0.529704,0.247558,-0.811251,0.529704,0.247558,-0.811251,0.529704,0.247558,-0.811251,0.529704,0.247557,-0.811252,0.529704,0.247558,-0.811251,0.529704,0.247558,-0.811252],
    "colors":[],
    "metadata":{
        "vertices":33,
        "version":3,
        "generator":"io_three",
        "materials":1,
        "uvs":0,
        "faces":62,
        "normals":62,
        "colors":0,
        "type":"Geometry"
    },
    "name":"ConeGeometry.1",
    "uvs":[],
    "materials":[{
        "wireframe":false,
        "colorEmissive":[0,0,0],
        "specularCoef":50,
        "vertexColors":false,
        "depthWrite":true,
        "blending":"NormalBlending",
        "transparent":false,
        "colorDiffuse":[0.64,0.112905,0.020966],
        "DbgIndex":0,
        "shading":"phong",
        "DbgName":"Material.009",
        "DbgColor":15658734,
        "opacity":1,
        "depthTest":true,
        "colorSpecular":[0.243448,0.054684,0],
        "visible":true
    }],
    "skinWeights":[]
}