{
    "metadata":{
        "version":3,
        "type":"Geometry",
        "normals":40,
        "vertices":38,
        "uvs":0,
        "generator":"io_three",
        "faces":40
    },
    "name":"PlaneGeometry",
    "vertices":[-3.41973,0.109195,3.71333,3.68415,-0.136798,3.74456,-4.72224,-0.333745,-4.15434,3.73828,-0.674782,-4.28221,-5,-0,-3.52723,-4.09017,-0.006716,-4.40364,-2.3844,0.018345,4.36488,-0.165545,0.012918,4.62944,2.06972,0.002716,4.72352,3.22968,0.381801,4.07944,-5,-0,-3.32459,-5,0,1.36071,-4.72769,4e-06,2.88616,5.34518,-0.330673,0.267044,5,-0,-2.75913,3.01454,-0.185379,-4.2953,1.31006,-0.136918,-4.44451,-1.88687,-0.099154,-3.84981,-0.246773,-0.136049,-3.98876,4.37941,1e-06,2.49189,0.985184,0.012409,4.48726,-3.36612,2.3e-05,3.50334,-4.62722,-1e-06,-1.27849,0.126797,-0.412079,-3.91852,-1.7398,-0.594923,-3.86787,-4.57111,0.053645,-1.18765,0.964305,0.056785,4.52934,5.3932,0.336597,-1.34023,-2.76625,-0.329046,-4.37383,4.02424,-0.042133,-3.60137,5.25959,-3.66762,1.33714,-4.84644,0.019207,-2.55947,0.582089,-0.049445,-4.37828,-4.51567,-0,-4.26761,-4.90904,-0,-3.66628,-3.44291,0.034227,-4.40479,-4.87901,-0,-2.66052,5.14365,-0.083827,0.953569],
    "uvs":[],
    "normals":[0.24397,-0.397581,-0.884538,-0.79418,-0.519526,-0.31523,-0.303741,-0.943536,0.132214,-0.79418,-0.519526,-0.31523,-1.4e-05,-0,-1,0.005762,-0.027823,-0.999596,-0.078337,0.397116,-0.914419,-0.00072,-0.009404,-0.999956,-1.2e-05,-2e-06,-1,1e-06,0,-1,-0.034788,-0.022757,-0.999136,0.040153,0.125656,-0.991261,-3.5e-05,4e-06,-1,-0.085688,0.367288,-0.926152,0.610863,0.262779,-0.746855,-0.437875,0.115771,-0.891551,-0.034937,0.145487,-0.988743,0.032367,-0.006969,-0.999452,0.000981,-0.245811,-0.969317,0.181104,-0.035511,-0.982823,-0.055622,-0.024652,-0.998148,-0.007283,-0.05586,-0.998412,0.611834,0.08642,0.786251,0.003232,-0.996875,0.078927,0.488627,-0.695162,-0.527252,0.963378,0.261539,-0.059159,0.154459,-0.679615,-0.717123,-0.049539,-0.993693,0.100601,-0.213003,-0.726362,0.653474,0.796329,-0.145084,0.587206,-0.091599,-0.743741,-0.662163,0,0,-1,-0.061696,-0.240799,-0.968612,0.063607,-0.311353,-0.948163,0.934477,0.159963,-0.318064,0.882832,0.463144,-0.078131,0.789689,0.480019,-0.382064,0.847295,0.437358,0.301345,0.796327,-0.145084,0.587208,0.40135,-0.836852,-0.372285],
    "faces":[33,0,6,21,12,0,0,0,0,32,2,4,34,1,1,1,32,33,5,2,2,2,2,32,34,33,2,3,3,3,32,11,12,21,4,4,4,32,21,6,7,5,5,5,32,20,8,9,6,6,6,32,21,7,20,7,7,7,32,22,11,21,8,8,8,32,34,36,22,9,9,9,32,35,33,34,10,10,10,32,17,35,34,11,11,11,32,34,22,21,12,12,12,32,21,20,9,13,13,13,32,9,19,37,14,14,14,32,37,27,29,15,15,15,32,29,32,18,16,16,16,32,17,34,21,17,17,17,32,29,18,17,18,18,18,32,9,37,29,19,19,19,32,17,21,9,20,20,20,32,9,29,17,21,21,21,32,11,22,25,22,22,22,32,5,35,28,23,23,23,33,15,29,14,3,24,24,24,24,32,13,37,30,25,25,25,32,8,20,26,26,26,26,33,24,17,18,23,27,27,27,27,33,23,18,32,16,28,28,28,28,33,25,22,36,31,29,29,29,29,32,26,20,7,30,30,30,33,36,34,4,10,31,31,31,31,32,33,35,5,32,32,32,33,32,29,15,16,33,33,33,33,32,37,13,27,34,34,34,32,1,30,37,35,35,35,32,19,9,1,36,36,36,32,37,19,1,37,37,37,32,31,36,10,38,38,38,33,28,35,17,24,39,39,39,39]
}