{
    "influencesPerVertex":2,
    "normals":[-0.380045,0.394158,0.836783,0.409846,-0.427381,-0.805836,-0.160754,-0.962462,-0.21869,-0.02192,-0.891272,-0.452939,0.636656,0.00021,-0.771148,0.511762,-0.760936,-0.398842,0.5847,-0.534128,0.610601,0.589493,0.196149,-0.783597,0.816669,0.000253,-0.577107,0.003015,-0.277476,-0.960728,0.008867,0.9642,-0.265028,0.520033,0.750516,-0.407789,0.1491,0.745587,0.649515,-0.346395,-0.598975,0.721969,0.004996,0.963545,-0.267498,-0.455606,0.323224,0.829427,0.008958,0.967586,-0.252384,-0.519279,0.328149,-0.789093,-0.775712,0.550319,-0.308901,-0.755719,0.512459,-0.407768,0.775995,-0.630385,0.02113,-0.949012,0.050423,-0.311181,-0.850664,-0.028168,-0.524955,-0.160677,-0.962473,-0.2187,-0.236676,-0.50119,-0.832342,-0.022124,-0.90033,0.434645,-0.587764,-0.661026,0.466452,0.188014,0.479735,-0.857032,0.007126,-0.241339,-0.970415,0.0006,0.064793,-0.997899,0.040224,-0.000167,-0.999191,0,-0,-1,-0,-0,-1,0,-0,-1,-0,-0,-1,2e-06,1e-06,-1,0,-0,-1,1e-06,-0,-1,-1e-06,-0,-1,-0,0,-1],
    "uvs":[],
    "name":"PlaneGeometry",
    "skinIndices":[],
    "colors":[],
    "materials":[{
        "specularCoef":50,
        "blending":"NormalBlending",
        "transparent":false,
        "vertexColors":false,
        "DbgName":"Material.001",
        "opacity":1,
        "colorDiffuse":[0.192653,0.061118,0],
        "colorSpecular":[0.010702,0.004914,0.053445],
        "wireframe":false,
        "depthWrite":true,
        "DbgColor":15658734,
        "visible":true,
        "DbgIndex":0,
        "colorEmissive":[0.001927,0.000611,0],
        "shading":"phong",
        "depthTest":true
    }],
    "faces":[34,0,10,15,0,0,0,0,34,14,15,10,0,1,1,1,34,10,11,20,0,2,2,2,34,10,20,24,0,3,3,3,34,23,19,14,0,4,4,4,34,10,24,23,0,5,5,5,34,10,23,14,0,6,6,6,34,13,14,19,0,7,7,7,34,13,19,25,0,8,8,8,34,5,6,13,0,9,9,9,34,26,18,5,0,10,10,10,34,13,25,26,0,11,11,11,34,26,5,13,0,12,12,12,34,13,6,2,0,13,13,13,34,4,5,18,0,14,14,14,34,21,22,17,0,15,15,15,34,4,18,21,0,16,16,16,34,8,9,4,0,17,17,17,34,21,17,8,0,18,18,18,34,21,8,4,0,19,19,19,34,4,9,3,0,20,20,20,34,7,8,17,0,21,21,21,34,7,17,27,0,22,22,22,34,20,11,12,0,23,23,23,34,12,7,27,0,24,24,24,34,28,20,12,0,25,25,25,34,27,28,12,0,26,26,26,34,7,12,1,0,27,27,27,34,16,17,22,0,28,28,28,34,22,21,18,0,29,29,29,34,22,18,16,0,30,30,30,34,16,19,23,0,31,31,31,34,23,24,20,0,32,32,32,34,23,20,16,0,33,33,33,34,16,18,26,0,34,34,34,34,26,25,19,0,35,35,35,34,26,19,16,0,36,36,36,34,16,20,28,0,37,37,37,34,28,27,17,0,38,38,38,34,28,17,16,0,39,39,39],
    "metadata":{
        "uvs":0,
        "normals":40,
        "version":3,
        "type":"Geometry",
        "vertices":29,
        "generator":"io_three",
        "materials":1,
        "faces":40,
        "colors":0
    },
    "vertices":[0.235726,0.597014,1.62764,3.09536,0.334773,1.18242,-2.23838,0.630244,-2.56452,4.8613,0.156381,-1.61196,3.19657,0.470522,-3.67174,1.64486,0.399116,-3.64387,-0.226685,0.445155,-3.50481,5.07004,0.403636,0.285499,5.06373,0.595568,-1.01775,4.80196,0.70848,-1.7035,0.245821,0.625246,1.69731,1.36179,0.599045,1.50496,3.02507,0.355991,1.17206,-2.59528,0.744128,-2.49539,-2.65314,0.495348,-1.32763,-2.00521,0.674788,-0.367948,1.40412,0.032975,-1.06019,4.88246,0.032975,-0.957479,1.39381,0.032975,-3.54092,-2.09315,0.032975,-1.16346,1.41421,0.032975,1.36759,3.03886,0.032974,-3.55615,4.74078,-0.10142,-1.50206,-2.09347,0.032975,-0.1864,0.259374,0.032975,1.39599,-2.09274,0.032976,-2.45719,-0.554548,0.032974,-3.52301,4.85837,0.032975,-0.230113,3.10835,0.032974,1.32596],
    "skinWeights":[]
}