{
    "skinIndices":[],
    "uvs":[],
    "materials":[{
        "opacity":1,
        "DbgIndex":0,
        "colorSpecular":[0.5,0.5,0.5],
        "shading":"phong",
        "depthTest":true,
        "colorEmissive":[0,0,0],
        "depthWrite":true,
        "DbgColor":15658734,
        "blending":"NormalBlending",
        "colorDiffuse":[0.2611,0.106681,0],
        "DbgName":"Material",
        "wireframe":false,
        "visible":true,
        "transparent":false,
        "vertexColors":false,
        "specularCoef":50
    }],
    "normals":[-0,0,1,0,-0,-1,1,0,-0,-0,1,0,-1,-0,0,0,-1,-0],
    "colors":[],
    "name":"CubeGeometry",
    "faces":[35,0,1,2,3,0,0,0,0,0,35,4,7,6,5,0,1,1,1,1,35,0,4,5,1,0,2,2,2,2,35,1,5,6,2,0,3,3,3,3,35,2,6,7,3,0,4,4,4,4,35,4,0,3,7,0,5,5,5,5],
    "vertices":[0.818591,-0.114232,-1.41752,0.818591,-0.114232,0.58248,-1.18141,-0.114232,0.58248,-1.18141,-0.114232,-1.41752,0.818592,1.88577,-1.41752,0.81859,1.88577,0.582481,-1.18141,1.88577,0.58248,-1.18141,1.88577,-1.41752],
    "influencesPerVertex":2,
    "skinWeights":[],
    "metadata":{
        "version":3,
        "type":"Geometry",
        "faces":6,
        "vertices":8,
        "generator":"io_three",
        "uvs":0,
        "colors":0,
        "normals":6,
        "materials":1
    }
}