{
    "vertices":[1.56354,-8.89077,-0.693183,1.56354,7.51921,0.913095,1.73636,-8.8609,-0.648692,1.60168,7.50944,0.950495,1.93286,-8.89558,-0.587637,1.6474,7.3957,0.879882,2.13918,-8.88597,-0.456063,1.68921,7.42214,0.877623,2.30097,-8.89188,-0.322151,1.72465,7.46123,1.10589,2.41354,-8.82604,-0.145711,1.75982,7.38652,1.35194,2.50837,-8.77861,0.05884,1.75438,7.08876,1.61746,2.55971,-8.7445,0.268384,1.73587,6.89384,1.73942,2.5465,-8.64102,0.503134,1.74246,6.99115,1.71034,2.54593,-8.53169,0.702273,1.74029,7.02107,1.72029,2.49735,-8.3933,0.885446,1.72959,6.60238,1.8882,2.41883,-8.41538,1.01527,1.75097,6.23208,2.02828,2.29805,-8.48932,1.11586,1.73455,6.26439,2.11119,2.09712,-8.58221,1.2242,1.69106,5.8038,2.2363,1.90379,-8.61803,1.29966,1.65163,5.04176,2.26239,1.751,-8.6237,1.32266,1.61376,4.37896,2.21213,1.56354,-8.60364,1.32209,1.56354,4.13023,2.15957,1.37607,-8.6237,1.32266,1.51332,4.37896,2.21213,1.22328,-8.61803,1.29966,1.47545,5.04176,2.26239,1.02995,-8.58221,1.22419,1.43601,5.8038,2.2363,0.829021,-8.48932,1.11586,1.39253,6.26439,2.11119,0.708244,-8.41538,1.01527,1.3761,6.23208,2.02828,0.629718,-8.3933,0.885445,1.39748,6.60238,1.8882,0.581144,-8.53169,0.702272,1.38678,7.02107,1.72029,0.580577,-8.64102,0.503132,1.38462,6.99115,1.71034,0.567361,-8.7445,0.268382,1.3912,6.89384,1.73942,0.618699,-8.77861,0.058839,1.3727,7.08876,1.61746,0.713533,-8.82604,-0.145712,1.36725,7.38652,1.35193,0.826104,-8.89188,-0.322152,1.40243,7.46123,1.10589,0.987893,-8.88597,-0.456064,1.43786,7.42214,0.877622,1.19421,-8.89558,-0.587638,1.47967,7.39569,0.879882,1.39072,-8.8609,-0.648692,1.52539,7.50944,0.950495],
    "normals":[0.352642,-0.931175,-0.092505,0.018137,-0.995435,-0.093698,0.450513,-0.888568,-0.086516,0.873547,-0.481939,-0.0682,0.942366,-0.328194,-0.065079,0.985963,-0.156502,-0.058175,0.995854,-0.071127,-0.056713,0.998352,-0.020231,-0.053705,0.998338,-0.022336,-0.053125,0.979997,0.195441,-0.037547,0.968154,0.248554,-0.029986,0.801643,0.597759,0.007258,0.718368,0.695249,0.023994,0.530755,0.846214,0.047129,0.09501,0.993178,0.067607,-0.155884,0.985503,0.066959,0.155884,0.985503,0.06696,-0.095015,0.993177,0.067607,-0.530754,0.846215,0.047129,-0.718369,0.695249,0.023994,-0.801645,0.597757,0.007258,-0.968154,0.248553,-0.029986,-0.979997,0.19544,-0.037547,-0.998338,-0.022338,-0.053125,-0.998352,-0.020231,-0.053705,-0.995854,-0.071126,-0.056713,-0.985963,-0.156502,-0.058175,-0.942365,-0.328196,-0.065079,-0.873546,-0.48194,-0.0682,-0.450508,-0.88857,-0.086517,-0.643759,0.506781,0.573365,0.643764,0.506778,0.573362,0.53593,-0.060979,-0.842057,0.9616,0.195864,-0.192255,-0.995634,0.083098,0.042515,-0.988495,0.149686,-0.021723,0.934229,0.243828,-0.260316,1e-06,0.965697,0.259672,-0.535943,-0.060968,-0.84205,-0.961602,0.19586,-0.19225,0.995634,0.083097,0.042516,0.988495,0.149685,-0.021721,-0.934229,0.243828,-0.260316,-5e-06,0.384203,-0.923249,0.378383,0.472231,-0.796131,-0.602643,0.379533,-0.70198,0.982091,0.150321,-0.113582,-0.985672,0.146339,-0.08388,0.918014,0.359392,-0.167592,-0.982091,0.15032,-0.113582,0.997385,0.048821,-0.053285,0.949966,0.266942,-0.162193,3e-06,0.618339,-0.785911,-0.949967,0.266938,-0.162192,-0.997385,0.048826,-0.053285,0,0.978397,0.206736,0.998456,0.013251,-0.053947,1e-06,0.916693,-0.399592,0,0.999856,0.016964,-0.67522,0.734115,-0.071777,-0.018135,-0.995435,-0.093698,-0.352644,-0.931174,-0.092505,-1e-06,0.557402,0.830243,-0.305537,0.536597,0.786582,-0.488852,0.561135,0.667946,0.300236,0.08117,0.950405,-0.568399,0.394703,0.721895,-0.483158,0.330224,0.81087,-0.23886,0.383427,0.892149,1e-06,-0.493881,0.869529,-0.285872,-0.384121,0.877912,-0.625591,-0.110991,0.772215,0.652004,0.274788,0.70667,0.56841,0.394696,0.72189,-0.660285,0.280878,0.696513,0.248188,-0.853386,0.458406,0.075719,-0.682157,0.727275,-0.075717,-0.682177,0.727256,-0.248192,-0.853389,0.458397,0.66029,0.280882,0.696507,-0.696271,0.325144,0.639912,0.062195,-0.014562,0.997958,0.290198,0.414415,0.862581,0.821714,0.231744,0.520654,-0.21123,-0.214671,0.953571,1e-06,0.540031,0.841645,0.211224,-0.21468,0.953571,-0.089702,0.391603,0.915752,0.275464,0.403129,0.872701,1e-06,-0.476885,0.878965,0.356212,0.00349,0.934399,-0.240885,0.229261,0.943087],
    "name":"CylinderGeometry",
    "uvs":[],
    "metadata":{
        "version":3,
        "vertices":64,
        "normals":92,
        "uvs":0,
        "type":"Geometry",
        "generator":"io_three",
        "faces":92
    },
    "faces":[33,0,1,3,2,0,0,0,0,33,2,3,5,4,1,1,1,1,33,4,5,7,6,2,2,2,2,33,6,7,9,8,3,3,3,3,33,8,9,11,10,4,4,4,4,33,10,11,13,12,5,5,5,5,33,12,13,15,14,6,6,6,6,33,14,15,17,16,7,7,7,7,33,16,17,19,18,8,8,8,8,33,18,19,21,20,9,9,9,9,33,20,21,23,22,10,10,10,10,33,22,23,25,24,11,11,11,11,33,24,25,27,26,12,12,12,12,33,26,27,29,28,13,13,13,13,33,28,29,31,30,14,14,14,14,33,30,31,33,32,15,15,15,15,33,32,33,35,34,16,16,16,16,33,34,35,37,36,17,17,17,17,33,36,37,39,38,18,18,18,18,33,38,39,41,40,19,19,19,19,33,40,41,43,42,20,20,20,20,33,42,43,45,44,21,21,21,21,33,44,45,47,46,22,22,22,22,33,46,47,49,48,23,23,23,23,33,48,49,51,50,24,24,24,24,33,50,51,53,52,25,25,25,25,33,52,53,55,54,26,26,26,26,33,54,55,57,56,27,27,27,27,33,56,57,59,58,28,28,28,28,33,58,59,61,60,29,29,29,29,32,5,3,1,30,30,30,32,1,63,61,31,31,31,32,61,59,57,32,32,32,32,57,55,53,33,33,33,32,53,51,49,34,34,34,32,53,49,47,35,35,35,32,61,57,53,36,36,36,32,5,1,61,37,37,37,32,9,7,5,38,38,38,32,13,11,9,39,39,39,32,17,15,13,40,40,40,32,19,17,13,41,41,41,32,13,9,5,42,42,42,32,5,61,53,43,43,43,32,5,53,47,44,44,44,32,19,13,5,45,45,45,32,25,23,21,46,46,46,32,21,19,5,47,47,47,32,5,47,45,48,48,48,32,45,43,41,49,49,49,32,39,37,35,50,50,50,32,45,41,39,51,51,51,32,21,5,45,52,52,52,32,27,25,21,53,53,53,32,31,29,27,54,54,54,32,35,33,31,55,55,55,32,45,39,35,56,56,56,32,27,21,45,57,57,57,32,35,31,27,58,58,58,32,45,35,27,59,59,59,33,60,61,63,62,60,60,60,60,33,1,0,62,63,61,61,61,61,32,62,0,2,62,62,62,32,2,4,6,63,63,63,32,6,8,10,64,64,64,32,10,12,14,65,65,65,32,16,18,20,66,66,66,32,10,14,16,67,67,67,32,2,6,10,68,68,68,32,60,62,2,69,69,69,32,56,58,60,70,70,70,32,52,54,56,71,71,71,32,48,50,52,72,72,72,32,44,46,48,73,73,73,32,40,42,44,74,74,74,32,36,38,40,75,75,75,32,32,34,36,76,76,76,32,28,30,32,77,77,77,32,24,26,28,78,78,78,32,20,22,24,79,79,79,32,10,16,20,80,80,80,32,60,2,10,81,81,81,32,52,56,60,82,82,82,32,44,48,52,83,83,83,32,36,40,44,84,84,84,32,28,32,36,85,85,85,32,20,24,28,86,86,86,32,60,10,20,87,87,87,32,44,52,60,88,88,88,32,28,36,44,89,89,89,32,60,20,28,90,90,90,32,28,44,60,91,91,91]
}