{
    "metadata":{
        "generator":"io_three",
        "version":3,
        "colors":138,
        "materials":1,
        "faces":92,
        "uvs":1,
        "vertices":64,
        "type":"Geometry",
        "normals":92
    },
    "name":"Cylinder.009Geometry",
    "uvs":[[0.902934,0.186017,0.888056,0.001022,0.873281,0.002809,0.895574,0.19303,0.862869,0.003648,0.870511,0.119656,0.828583,0.123344,0.828583,0.007085,0.80813,0.007788,0.811073,0.114952,0.760233,0.000412,0.796576,0.102959,0.760303,0.231047,0.760233,0.127051,0.779802,0.124168,0.779802,0.243532,0.982364,0.740987,0.970611,0.610414,0.991349,0.604215,0.991349,0.871645,0.5266,0.894101,0.264635,0.947885,0.261472,0.938196,0.5266,0.98304,0.546625,0.378444,0.708453,0.593189,0.696495,0.603229,0.708453,0.248559,0.5458,0.495883,0.261472,0.283535,0.262868,0.360306,0.5458,0.248559,0.969786,0.912611,0.940708,0.604215,0.969786,0.622043,0.83995,0.832789,0.548076,0.946692,0.833758,0.930854,0.833758,0.949351,0.546625,0.945742,0.546625,0.833508,0.670512,0.604053,0.688828,0.61215,0.60998,0.847316,0.69678,0.622921,0.69678,0.93003,0.537559,0.496707,0.53538,0.803809,0.537559,0.79694,0.483566,0.594162,0.448838,0.828401,0.261472,0.893277,0.269848,0.847014,0.448473,0.826423,0.273874,0.829749,0.448124,0.829749,0.269848,0.812484,0.448473,0.833075,0.261472,0.766221,0.448838,0.831097,0.871562,0.358263,0.988455,0.532533,0.988624,0.539737,0.890996,0.248559,0.999588,0.547422,0.999588,0.299389,0.177392,0.567462,0.219737,0.811854,0.239701,0.810276,0.239701,0.549513,0.258997,0.837007,0.240525,0.550446,0.258997,0.549513,0.257973,0.835607,0.709277,0.832792,0.839126,0.62206,0.810074,0.604215,0.839126,0.912594,0.545847,0.247734,0.262914,0.135828,0.261472,0.212964,0.545847,0.000412,0.870737,0.603391,0.858828,0.248559,0.870737,0.25864,0.709277,0.473637,0.394652,0.511363,0.482741,0.765397,0.472876,0.763846,0.482741,0.496707,0.451999,0.757022,0.261472,0.571505,0.759408,0.000412,0.546671,0.159975,0.560444,0.188552,0.759408,0.239492,0.862044,0.205794,0.862044,0.000412,0.829407,0.02005,0.844244,0.245124,0.919485,0.225974,0.919485,0.000412,0.903759,0.005365,0.918797,0.150973,0.00086,0.722354,0.000412,0.707483,0.000862,0.692604,0.002078,0.682134,0.005431,0.66566,0.009098,0.627888,0.03435,0.597464,0.045468,0.615174,0.0537,0.624063,0.058527,0.639653,0.100825,0.562548,0.13367,0.549513,0.147078,0.565452,0.166637,0.627147,0.176568,0.620253,0.175846,0.643955,0.169611,0.690218,0.168998,0.707483,0.169611,0.724748,0.175846,0.771011,0.176568,0.794713,0.166637,0.787819,0.147078,0.849514,0.133617,0.865467,0.100749,0.852258,0.05913,0.77552,0.05355,0.791122,0.045515,0.800217,0.034229,0.817501,0.015212,0.801043,0.006802,0.753261,0.00211,0.7328,0.92031,0.146168,0.93384,0.000412,0.923489,0.001986,0.93384,0.194234,0.899713,0.192911,0.902934,0.000412,0.245971,0.312012,0.253192,0.30638,0.255956,0.286957,0.254464,0.267655,0.246852,0.24922,0.22544,0.246291,0.191922,0.290965,0.209452,0.203339,0.260648,0.000412,0.07124,0.190873,0.189804,0.290024,0.185894,0.288378,0.13549,0.239678,0.029393,0.231823,0.000412,0.215863,0.00457,0.219645,0.002417,0.21521,0.007029,0.213465,0.001409,0.213358,0.033434,0.221666,0.115936,0.288834,0.186019,0.288063,0.189992,0.289552,0.035719,0.280171,0.04254,0.548688,0.144582,0.366386,0.192164,0.290318,0.158009,0.528092,0.225533,0.301014,0.260648,0.280463,0.252691,0.304026,0.251897,0.310315]],
    "vertices":[3.00922,7.32163,-2.37774,2.24406,7.76672,0.562883,3.06048,7.3112,-2.47318,2.26462,7.74452,0.561352,2.7541,7.44404,-1.27459,2.27448,7.72694,0.566574,2.71461,7.41434,-1.13122,2.28874,7.68452,0.569624,2.63996,7.37992,-0.935071,2.29163,7.61413,0.720441,2.61145,7.29824,-1.1003,2.23291,7.54526,0.808851,3.00115,7.04903,-3.0242,2.12137,7.56221,1.00195,3.12465,6.8524,-3.19717,2.06589,7.55937,1.06714,3.32684,6.48727,-3.1477,2.02623,7.56357,1.06623,2.74171,6.44807,-3.52285,1.98999,7.33836,1.13483,2.94764,7.06696,-2.85002,1.94682,7.19678,0.986182,2.94231,7.04953,-2.87888,1.84597,7.19673,1.12115,2.78602,6.80852,-2.90231,1.72477,7.20598,1.01312,2.70863,6.38456,-3.96555,1.74181,7.14514,0.871212,2.16561,6.51995,-2.28904,1.74333,7.16195,0.745204,2.17732,6.53992,-2.28248,1.73709,7.22285,0.589899,2.16923,6.52492,-2.27644,1.73341,7.23811,0.517082,2.186,6.53123,-2.27891,1.69203,7.26798,0.571347,2.16913,6.51642,-2.28759,1.57753,7.32803,0.676936,2.72289,6.37027,-3.95967,1.51415,7.37318,0.777475,2.71699,6.87767,-2.93074,1.51511,7.416,0.926793,2.94275,7.04908,-2.8787,1.47529,7.56805,0.968522,2.9483,7.06629,-2.84975,1.53445,7.60956,0.816072,2.6163,6.57369,-3.57449,1.61167,7.71683,0.979272,2.55683,7.25855,-3.46477,1.8506,7.74315,0.994002,2.89558,7.08177,-3.29128,1.84752,7.77722,0.977028,3.00203,7.04807,-3.02393,1.8799,7.80432,0.903077,2.85739,7.53483,-3.09689,1.94511,7.83267,0.691715,2.93884,7.24804,-2.36746,2.09874,7.85175,0.57453,3.17803,7.21864,-2.79903,2.17979,7.80267,0.518408,2.85071,7.41748,-1.69136,2.20848,7.79325,0.539265,3.05675,7.3169,-2.47872,2.22579,7.7834,0.545366],
    "colors":[3780876,4241933,2336775,4177167,3524618,4114457,4047121,3859246,3002889,4112657,3853590,2742024,2543880,7720272,7851603,3719692,3785229,9754744,11395736,3261958,2611209,3915788,4115982,4184854,3916045,3133194,4114962,3525132,7916884,8310876,720644,14610903,4111629,4766999,16317432,6079537,7785809,3198218,7062856,3459339,3524875,6340922,3918868,6405695,3850508,3259916,1685770,3850764,8239477,6928469,1959943,5222195,2325282,786180,786185,524038,1572619,7863873,3669826,3866429,546816,3342105,851722,655111,3276569,3604004,3865660,3800900,3604263,886784,4063039,7926077,4184870,3394315,3253770,3583242,4834069,4242447,4178699,967424,4128580,4063045,3929367,6217774,3977740,3981068,975363,4242703,0,4316198,3145523,4176910,3726111,3590414,785413,654343,2481675,1046022,3135764,4309266,4181531,4246810,4181787,4243729,4249890,4060475,4247836,3919897,4244756,3723543,3919126,2618915,3007773,977923,2948917,53760,37632,2676746,2872330,3655179,3068425,2807560,3785484,2546697,4046348,3654923,1307141,2415880,786181,3589643,785925,3981324,2288908,1307654,2546441,3459595,3263755,3591181],
    "materials":[{
        "colorDiffuse":[0.021201,0.492141,0.003245],
        "opacity":1,
        "depthTest":true,
        "DbgColor":15658734,
        "visible":true,
        "wireframe":false,
        "vertexColors":false,
        "depthWrite":true,
        "DbgIndex":0,
        "specularCoef":50,
        "colorSpecular":[0.5,0.5,0.5],
        "colorEmissive":[0,0,0],
        "transparent":false,
        "shading":"phong",
        "blending":"NormalBlending",
        "DbgName":"Material.009"
    }],