{
    "metadata":{
        "generator":"io_three",
        "version":3,
        "colors":78,
        "materials":1,
        "faces":92,
        "uvs":1,
        "vertices":64,
        "type":"Geometry",
        "normals":92
    },
    "name":"Cylinder.012Geometry",
    "uvs":[[0.902934,0.186017,0.888056,0.001022,0.873281,0.002809,0.895574,0.19303,0.862869,0.003648,0.870511,0.119656,0.828583,0.123344,0.828583,0.007085,0.80813,0.007788,0.811073,0.114952,0.760233,0.000412,0.796576,0.102959,0.760303,0.231047,0.760233,0.127051,0.779802,0.124168,0.779802,0.243532,0.982364,0.740987,0.970611,0.610414,0.991349,0.604215,0.991349,0.871645,0.5266,0.894101,0.264635,0.947885,0.261472,0.938196,0.5266,0.98304,0.546625,0.378444,0.708453,0.593189,0.696495,0.603229,0.708453,0.248559,0.5458,0.495883,0.261472,0.283535,0.262868,0.360306,0.5458,0.248559,0.969786,0.912611,0.940708,0.604215,0.969786,0.622043,0.83995,0.832789,0.548076,0.946692,0.833758,0.930854,0.833758,0.949351,0.546625,0.945742,0.546625,0.833508,0.670512,0.604053,0.688828,0.61215,0.60998,0.847316,0.69678,0.622921,0.69678,0.93003,0.537559,0.496707,0.53538,0.803809,0.537559,0.79694,0.483566,0.594162,0.448838,0.828401,0.261472,0.893277,0.269848,0.847014,0.448473,0.826423,0.273874,0.829749,0.448124,0.829749,0.269848,0.812484,0.448473,0.833075,0.261472,0.766221,0.448838,0.831097,0.871562,0.358263,0.988455,0.532533,0.988624,0.539737,0.890996,0.248559,0.999588,0.547422,0.999588,0.299389,0.177392,0.567462,0.219737,0.811854,0.239701,0.810276,0.239701,0.549513,0.258997,0.837007,0.240525,0.550446,0.258997,0.549513,0.257973,0.835607,0.709277,0.832792,0.839126,0.62206,0.810074,0.604215,0.839126,0.912594,0.545847,0.247734,0.262914,0.135828,0.261472,0.212964,0.545847,0.000412,0.870737,0.603391,0.858828,0.248559,0.870737,0.25864,0.709277,0.473637,0.394652,0.511363,0.482741,0.765397,0.472876,0.763846,0.482741,0.496707,0.451999,0.757022,0.261472,0.571505,0.759408,0.000412,0.546671,0.159975,0.560444,0.188552,0.759408,0.239492,0.862044,0.205794,0.862044,0.000412,0.829407,0.02005,0.844244,0.245124,0.919485,0.225974,0.919485,0.000412,0.903759,0.005365,0.918797,0.150973,0.00086,0.722354,0.000412,0.707483,0.000862,0.692604,0.002078,0.682134,0.005431,0.66566,0.009098,0.627888,0.03435,0.597464,0.045468,0.615174,0.0537,0.624063,0.058527,0.639653,0.100825,0.562548,0.13367,0.549513,0.147078,0.565452,0.166637,0.627147,0.176568,0.620253,0.175846,0.643955,0.169611,0.690218,0.168998,0.707483,0.169611,0.724748,0.175846,0.771011,0.176568,0.794713,0.166637,0.787819,0.147078,0.849514,0.133617,0.865467,0.100749,0.852258,0.05913,0.77552,0.05355,0.791122,0.045515,0.800217,0.034229,0.817501,0.015212,0.801043,0.006802,0.753261,0.00211,0.7328,0.92031,0.146168,0.93384,0.000412,0.923489,0.001986,0.93384,0.194234,0.899713,0.192911,0.902934,0.000412,0.245971,0.312012,0.253192,0.30638,0.255956,0.286957,0.254464,0.267655,0.246852,0.24922,0.22544,0.246291,0.191922,0.290965,0.209452,0.203339,0.260648,0.000412,0.07124,0.190873,0.189804,0.290024,0.185894,0.288378,0.13549,0.239678,0.029393,0.231823,0.000412,0.215863,0.00457,0.219645,0.002417,0.21521,0.007029,0.213465,0.001409,0.213358,0.033434,0.221666,0.115936,0.288834,0.186019,0.288063,0.189992,0.289552,0.035719,0.280171,0.04254,0.548688,0.144582,0.366386,0.192164,0.290318,0.158009,0.528092,0.225533,0.301014,0.260648,0.280463,0.252691,0.304026,0.251897,0.310315]],
    "vertices":[-1.95515,6.59765,0.465219,1.33969,7.63762,0.985503,-2.07355,6.5891,0.425285,1.33613,7.63096,0.946368,-0.719353,6.96822,0.590553,1.34265,7.62319,0.920442,-0.543703,6.96512,0.574419,1.35198,7.59289,0.869448,-0.29701,6.95068,0.578279,1.53013,7.58557,0.774711,-0.438527,6.77765,0.572487,1.66584,7.50496,0.756214,-2.5623,6.05103,0.378862,1.90959,7.51178,0.84133,-2.7399,5.88009,0.12477,2.00122,7.49115,0.880634,-2.66608,5.69239,-0.398585,2.01464,7.46329,0.924116,-2.82381,5.03119,0.233758,2.1636,7.23429,0.754427,-2.36161,6.09754,0.4107,2.0619,6.99566,0.708873,-2.38532,6.06383,0.407357,2.24452,6.97006,0.781184,-2.28255,5.68518,0.364003,2.17491,6.8383,0.933359,-3.26273,4.75952,0.306906,2.03454,6.73234,0.894715,-1.30983,5.14714,0.609853,1.89572,6.6991,0.93424,-1.31297,5.17941,0.613718,1.71673,6.69231,1.02522,-1.29926,5.16022,0.607782,1.63677,6.67506,1.05734,-1.31019,5.17901,0.596877,1.70228,6.69437,1.11265,-1.3087,5.14698,0.603025,1.84254,6.7067,1.25595,-3.25815,4.75887,0.279227,1.96152,6.74278,1.33645,-2.3047,5.68834,0.497953,2.10766,6.84791,1.34018,-2.38517,6.06381,0.4065,2.12562,6.98705,1.50044,-2.3614,6.0975,0.409414,1.92938,7.01413,1.50884,-2.86404,5.03693,0.477092,2.04261,7.25122,1.48803,-2.91307,5.72762,1.09547,1.95739,7.47507,1.26799,-2.81313,5.89058,0.569119,1.93122,7.50017,1.30364,-2.56209,6.05088,0.377101,1.83266,7.5233,1.30994,-2.71686,6.39818,0.951185,1.57522,7.51782,1.3136,-1.89642,6.47102,0.470984,1.38554,7.61219,1.20084,-2.43958,6.45631,0.298068,1.30781,7.60442,1.08987,-1.19175,6.84832,0.559717,1.32128,7.62636,1.0487,-2.07953,6.58963,0.435044,1.32368,7.63273,1.0217],
    "colors":[4241933,4307726,6013991,4570131,13233565,5160735,16777215,16777161,6145310,4438801,4569874,4438800,4307470,4701463,8901735,4438803,4635669,1494024,1494026,14609374,4176653,6604603,2089223,10148736,2872329,8901225,9951868,5881903,4242189,4569113,3198987,4241169,4111373,4307471,9097836,1243399,7785299,14611671,11198868,11329942,14743001,12905141,2089224,15989229,458499,7457868,5423396,3850508,6013999,2868491,6013743,5488681,16777077,4701714,12970615,0,4175885,2987284,2396936,4110348,4241934,4696364,9623413,9622393,12970613,13430107,1764100,4176652,3785739,2483469,3394571,3720459,2025991,4111884,2154503,2868490,9951823,8245563],
    "materials":[{
        "colorDiffuse":[0.037093,0.64,0],
        "opacity":1,
        "depthTest":true,
        "DbgColor":15658734,
        "visible":true,
        "wireframe":false,
        "vertexColors":false,
        "depthWrite":true,
        "DbgIndex":0,
        "specularCoef":50,
        "colorSpecular":[0.5,0.5,0.5],
        "colorEmissive":[0,0,0],
        "transparent":false,
        "shading":"phong",
        "blending":"NormalBlending",
        "DbgName":"Material.012"
    }],