{
    "metadata":{
        "generator":"io_three",
        "version":3,
        "colors":88,
        "materials":1,
        "faces":92,
        "uvs":1,
        "vertices":64,
        "type":"Geometry",
        "normals":92
    },
    "name":"Cylinder.008Geometry",
    "uvs":[[0.902934,0.186017,0.888056,0.001022,0.873281,0.002809,0.895574,0.19303,0.862869,0.003648,0.870511,0.119656,0.828583,0.123344,0.828583,0.007085,0.80813,0.007788,0.811073,0.114952,0.760233,0.000412,0.796576,0.102959,0.760303,0.231047,0.760233,0.127051,0.779802,0.124168,0.779802,0.243532,0.982364,0.740987,0.970611,0.610414,0.991349,0.604215,0.991349,0.871645,0.5266,0.894101,0.264635,0.947885,0.261472,0.938196,0.5266,0.98304,0.546625,0.378444,0.708453,0.593189,0.696495,0.603229,0.708453,0.248559,0.5458,0.495883,0.261472,0.283535,0.262868,0.360306,0.5458,0.248559,0.969786,0.912611,0.940708,0.604215,0.969786,0.622043,0.83995,0.832789,0.548076,0.946692,0.833758,0.930854,0.833758,0.949351,0.546625,0.945742,0.546625,0.833508,0.670512,0.604053,0.688828,0.61215,0.60998,0.847316,0.69678,0.622921,0.69678,0.93003,0.537559,0.496707,0.53538,0.803809,0.537559,0.79694,0.483566,0.594162,0.448838,0.828401,0.261472,0.893277,0.269848,0.847014,0.448473,0.826423,0.273874,0.829749,0.448124,0.829749,0.269848,0.812484,0.448473,0.833075,0.261472,0.766221,0.448838,0.831097,0.871562,0.358263,0.988455,0.532533,0.988624,0.539737,0.890996,0.248559,0.999588,0.547422,0.999588,0.299389,0.177392,0.567462,0.219737,0.811854,0.239701,0.810276,0.239701,0.549513,0.258997,0.837007,0.240525,0.550446,0.258997,0.549513,0.257973,0.835607,0.709277,0.832792,0.839126,0.62206,0.810074,0.604215,0.839126,0.912594,0.545847,0.247734,0.262914,0.135828,0.261472,0.212964,0.545847,0.000412,0.870737,0.603391,0.858828,0.248559,0.870737,0.25864,0.709277,0.473637,0.394652,0.511363,0.482741,0.765397,0.472876,0.763846,0.482741,0.496707,0.451999,0.757022,0.261472,0.571505,0.759408,0.000412,0.546671,0.159975,0.560444,0.188552,0.759408,0.239492,0.862044,0.205794,0.862044,0.000412,0.829407,0.02005,0.844244,0.245124,0.919485,0.225974,0.919485,0.000412,0.903759,0.005365,0.918797,0.150973,0.00086,0.722354,0.000412,0.707483,0.000862,0.692604,0.002078,0.682134,0.005431,0.66566,0.009098,0.627888,0.03435,0.597464,0.045468,0.615174,0.0537,0.624063,0.058527,0.639653,0.100825,0.562548,0.13367,0.549513,0.147078,0.565452,0.166637,0.627147,0.176568,0.620253,0.175846,0.643955,0.169611,0.690218,0.168998,0.707483,0.169611,0.724748,0.175846,0.771011,0.176568,0.794713,0.166637,0.787819,0.147078,0.849514,0.133617,0.865467,0.100749,0.852258,0.05913,0.77552,0.05355,0.791122,0.045515,0.800217,0.034229,0.817501,0.015212,0.801043,0.006802,0.753261,0.00211,0.7328,0.92031,0.146168,0.93384,0.000412,0.923489,0.001986,0.93384,0.194234,0.899713,0.192911,0.902934,0.000412,0.245971,0.312012,0.253192,0.30638,0.255956,0.286957,0.254464,0.267655,0.246852,0.24922,0.22544,0.246291,0.191922,0.290965,0.209452,0.203339,0.260648,0.000412,0.07124,0.190873,0.189804,0.290024,0.185894,0.288378,0.13549,0.239678,0.029393,0.231823,0.000412,0.215863,0.00457,0.219645,0.002417,0.21521,0.007029,0.213465,0.001409,0.213358,0.033434,0.221666,0.115936,0.288834,0.186019,0.288063,0.189992,0.289552,0.035719,0.280171,0.04254,0.548688,0.144582,0.366386,0.192164,0.290318,0.158009,0.528092,0.225533,0.301014,0.260648,0.280463,0.252691,0.304026,0.251897,0.310315]],
    "vertices":[0.8281,6.89415,4.77284,1.92796,7.7564,2.00968,0.776958,6.89268,4.87134,1.89283,7.75953,2.00776,1.17709,7.21679,3.72702,1.86997,7.75896,1.99852,1.18554,7.22266,3.57102,1.82121,7.74492,1.98248,1.21765,7.21621,3.35445,1.76238,7.76516,1.81471,1.15598,7.06552,3.46742,1.74644,7.70412,1.68879,0.554767,6.42925,5.26193,1.8518,7.69726,1.48571,0.278284,6.33598,5.3772,1.89246,7.67316,1.40884,-0.197634,6.2967,5.23925,1.9249,7.63977,1.40058,0.17155,5.58221,5.4129,1.74954,7.48656,1.23625,0.618151,6.46732,5.09263,1.64477,7.28989,1.30569,0.60476,6.43858,5.11099,1.72414,7.25653,1.15272,0.497359,6.12719,4.99318,1.81495,7.10713,1.22388,0.116331,5.32092,5.78992,1.74044,7.02138,1.33596,0.712887,5.63739,4.13784,1.74856,6.98009,1.4603,0.722915,5.66404,4.14298,1.80097,6.94859,1.62751,0.715406,5.64935,4.12911,1.814,6.92431,1.70035,0.708905,5.66762,4.13852,1.8737,6.93003,1.65066,0.707207,5.63884,4.13603,2.01619,6.91176,1.54549,0.093305,5.3268,5.78259,2.10792,6.92756,1.45293,0.608793,6.09874,5.02865,2.15339,7.02073,1.33161,0.604048,6.43876,5.11076,2.32249,7.10377,1.34319,0.617081,6.46759,5.09229,2.31014,7.11963,1.51775,0.37398,5.53053,5.47734,2.35978,7.33043,1.43024,1.04527,5.97935,5.6349,2.21173,7.56986,1.49221,0.647967,6.24162,5.49467,2.24413,7.58249,1.52087,0.553266,6.42952,5.26153,2.24181,7.59814,1.60936,1.09709,6.59162,5.48596,2.21026,7.58552,1.83504,0.812533,6.78607,4.71449,2.11092,7.68679,1.99351,0.592066,6.79795,5.16904,2.00498,7.7033,2.048,1.063,7.10819,4.13012,1.97668,7.73184,2.03263,0.784573,6.89074,4.87777,1.9555,7.74352,2.02771],
    "colors":[4241933,4242958,4308494,4242189,4307726,4309263,4439569,4444948,4439826,6352190,4849439,16777215,16711678,4444181,14480083,4307471,4310544,4307470,4767512,5427761,355073,3978508,91648,288771,420101,157184,485638,13431233,13955530,13103292,16186869,157441,354563,421121,617224,421377,946696,1602583,224000,5019210,1011981,486148,4492867,6869074,7263572,618246,421122,2924553,486659,4176141,3912716,4307983,4438800,5948462,4444961,222978,223233,4442899,6946635,4373776,4242190,4715292,4241677,0,4044300,1145859,882178,3582987,684038,355587,750599,750083,223489,157440,1080067,684033,7536463,4577813,2331911,3780876,2726664,2924552,4175885,816387,3188234,1145603,289280,552705],
    "materials":[{
        "colorDiffuse":[0.012537,0.64,0],
        "opacity":1,
        "depthTest":true,
        "DbgColor":15658734,
        "visible":true,
        "wireframe":false,
        "vertexColors":false,
        "depthWrite":true,
        "DbgIndex":0,
        "specularCoef":50,
        "colorSpecular":[0.5,0.5,0.5],
        "colorEmissive":[0,0,0],
        "transparent":false,
        "shading":"phong",
        "blending":"NormalBlending",
        "DbgName":"Material.008"
    }],