{
    "metadata":{
        "generator":"io_three",
        "version":3,
        "colors":87,
        "materials":1,
        "faces":92,
        "uvs":1,
        "vertices":64,
        "type":"Geometry",
        "normals":92
    },
    "name":"Cylinder.001Geometry",
    "uvs":[[0.902934,0.186017,0.888056,0.001022,0.873281,0.002809,0.895574,0.19303,0.862869,0.003648,0.870511,0.119656,0.828583,0.123344,0.828583,0.007085,0.80813,0.007788,0.811073,0.114952,0.760233,0.000412,0.796576,0.102959,0.760303,0.231047,0.760233,0.127051,0.779802,0.124168,0.779802,0.243532,0.982364,0.740987,0.970611,0.610414,0.991349,0.604215,0.991349,0.871645,0.5266,0.894101,0.264635,0.947885,0.261472,0.938196,0.5266,0.98304,0.546625,0.378444,0.708453,0.593189,0.696495,0.603229,0.708453,0.248559,0.5458,0.495883,0.261472,0.283535,0.262868,0.360306,0.5458,0.248559,0.969786,0.912611,0.940708,0.604215,0.969786,0.622043,0.83995,0.832789,0.548076,0.946692,0.833758,0.930854,0.833758,0.949351,0.546625,0.945742,0.546625,0.833508,0.670512,0.604053,0.688828,0.61215,0.60998,0.847316,0.69678,0.622921,0.69678,0.93003,0.537559,0.496707,0.53538,0.803809,0.537559,0.79694,0.483566,0.594162,0.448838,0.828401,0.261472,0.893277,0.269848,0.847014,0.448473,0.826423,0.273874,0.829749,0.448124,0.829749,0.269848,0.812484,0.448473,0.833075,0.261472,0.766221,0.448838,0.831097,0.871562,0.358263,0.988455,0.532533,0.988624,0.539737,0.890996,0.248559,0.999588,0.547422,0.999588,0.299389,0.177392,0.567462,0.219737,0.811854,0.239701,0.810276,0.239701,0.549513,0.258997,0.837007,0.240525,0.550446,0.258997,0.549513,0.257973,0.835607,0.709277,0.832792,0.839126,0.62206,0.810074,0.604215,0.839126,0.912594,0.545847,0.247734,0.262914,0.135828,0.261472,0.212964,0.545847,0.000412,0.870737,0.603391,0.858828,0.248559,0.870737,0.25864,0.709277,0.473637,0.394652,0.511363,0.482741,0.765397,0.472876,0.763846,0.482741,0.496707,0.451999,0.757022,0.261472,0.571505,0.759408,0.000412,0.546671,0.159975,0.560444,0.188552,0.759408,0.239492,0.862044,0.205794,0.862044,0.000412,0.829407,0.02005,0.844244,0.245124,0.919485,0.225974,0.919485,0.000412,0.903759,0.005365,0.918797,0.150973,0.00086,0.722354,0.000412,0.707483,0.000862,0.692604,0.002078,0.682134,0.005431,0.66566,0.009098,0.627888,0.03435,0.597464,0.045468,0.615174,0.0537,0.624063,0.058527,0.639653,0.100825,0.562548,0.13367,0.549513,0.147078,0.565452,0.166637,0.627147,0.176568,0.620253,0.175846,0.643955,0.169611,0.690218,0.168998,0.707483,0.169611,0.724748,0.175846,0.771011,0.176568,0.794713,0.166637,0.787819,0.147078,0.849514,0.133617,0.865467,0.100749,0.852258,0.05913,0.77552,0.05355,0.791122,0.045515,0.800217,0.034229,0.817501,0.015212,0.801043,0.006802,0.753261,0.00211,0.7328,0.92031,0.146168,0.93384,0.000412,0.923489,0.001986,0.93384,0.194234,0.899713,0.192911,0.902934,0.000412,0.245971,0.312012,0.253192,0.30638,0.255956,0.286957,0.254464,0.267655,0.246852,0.24922,0.22544,0.246291,0.191922,0.290965,0.209452,0.203339,0.260648,0.000412,0.07124,0.190873,0.189804,0.290024,0.185894,0.288378,0.13549,0.239678,0.029393,0.231823,0.000412,0.215863,0.00457,0.219645,0.002417,0.21521,0.007029,0.213465,0.001409,0.213358,0.033434,0.221666,0.115936,0.288834,0.186019,0.288063,0.189992,0.289552,0.035719,0.280171,0.04254,0.548688,0.144582,0.366386,0.192164,0.290318,0.158009,0.528092,0.225533,0.301014,0.260648,0.280463,0.252691,0.304026,0.251897,0.310315]],
    "vertices":[2.97514,6.4091,4.72984,2.01991,7.62859,1.92982,3.00252,6.39574,4.84042,1.99173,7.63226,1.95272,2.56127,6.86729,3.7159,1.96771,7.63298,1.96126,2.46215,6.89257,3.59084,1.9179,7.62088,1.98116,2.33903,6.91256,3.40196,1.76002,7.6628,1.89449,2.35512,6.74439,3.51771,1.6567,7.61588,1.80335,3.05624,5.87338,5.25185,1.59933,7.63328,1.57454,2.91288,5.76525,5.52179,1.57635,7.61781,1.4855,2.44778,5.74516,5.7389,1.59289,7.58436,1.45395,2.78905,4.9882,5.55591,1.3322,7.44868,1.43456,2.99333,5.93299,5.08173,1.28135,7.239,1.5424,2.99297,5.90131,5.10248,1.23569,7.22318,1.36755,2.80268,5.59714,5.05822,1.34128,7.0605,1.34671,2.98018,4.67381,5.8602,1.3525,6.95914,1.47631,2.34453,5.19911,4.2104,1.43979,6.90133,1.56256,2.3581,5.22575,4.20982,1.59134,6.84797,1.65222,2.34158,5.21244,4.20303,1.64887,6.81395,1.69707,2.34455,5.23007,4.21632,1.66169,6.82557,1.61846,2.33904,5.20086,4.21304,1.69865,6.81892,1.43834,2.9579,4.6809,5.87089,1.70793,6.84598,1.30574,2.91046,5.56283,5.0065,1.66862,6.95629,1.18962,2.99228,5.90153,5.10281,1.81443,7.03894,1.08983,2.9923,5.93332,5.08223,1.92505,7.03368,1.23374,2.98484,4.92587,5.46195,1.92223,7.26046,1.15109,3.64994,5.3624,5.16202,1.87082,7.4994,1.32137,3.27031,5.65145,5.35005,1.91647,7.5086,1.32226,3.05483,5.87373,5.25259,1.97625,7.51371,1.39318,3.64196,6.00865,5.06614,2.10435,7.47304,1.58699,2.91399,6.30554,4.68617,2.14424,7.55797,1.78576,3.05396,6.2629,5.18748,2.10088,7.56886,1.90173,2.73794,6.70672,4.09409,2.07104,7.60023,1.91186,3.01261,6.3929,4.83996,2.05233,7.61296,1.92363],
    "colors":[4241933,5029659,14939612,16777215,6539067,4504594,6211123,4307470,6736188,4767255,4570638,5816622,12507326,16776960,357632,10470814,1620480,2259745,13689808,2850603,12836035,12835523,2916396,11390381,9157003,91648,6792038,5609813,7580530,11915957,684546,14083798,2199050,15331817,2726664,16054516,1804549,15003620,15069668,15726319,13494729,4044045,4898573,13428169,4635925,4766998,14940380,4439057,2924553,13098695,9551248,2134022,10608007,4307726,4833303,12316584,4635669,0,5432607,5828388,4440080,10481040,4698422,4308240,4241934,5094690,11986348,14084054,11982517,7779954,10081158,13493196,9157259,8636015,6925414,5875797,10741128,4635662,6544646,4439054,11526661,8835848,15136514,8638985,10345482,11067402,15070722],
    "materials":[{
        "colorDiffuse":[0.002289,0.64,0],
        "opacity":1,
        "depthTest":true,
        "DbgColor":15658734,
        "visible":true,
        "wireframe":false,
        "vertexColors":false,
        "depthWrite":true,
        "DbgIndex":0,
        "specularCoef":50,
        "colorSpecular":[0.5,0.5,0.5],
        "colorEmissive":[0,0,0],
        "transparent":false,
        "shading":"phong",
        "blending":"NormalBlending",
        "DbgName":"Material.001"
    }],