{
    "metadata":{
        "generator":"io_three",
        "version":3,
        "colors":130,
        "materials":1,
        "faces":92,
        "uvs":1,
        "vertices":64,
        "type":"Geometry",
        "normals":92
    },
    "name":"Cylinder.006Geometry",
    "uvs":[[0.902934,0.186017,0.888056,0.001022,0.873281,0.002809,0.895574,0.19303,0.862869,0.003648,0.870511,0.119656,0.828583,0.123344,0.828583,0.007085,0.80813,0.007788,0.811073,0.114952,0.760233,0.000412,0.796576,0.102959,0.760303,0.231047,0.760233,0.127051,0.779802,0.124168,0.779802,0.243532,0.982364,0.740987,0.970611,0.610414,0.991349,0.604215,0.991349,0.871645,0.5266,0.894101,0.264635,0.947885,0.261472,0.938196,0.5266,0.98304,0.546625,0.378444,0.708453,0.593189,0.696495,0.603229,0.708453,0.248559,0.5458,0.495883,0.261472,0.283535,0.262868,0.360306,0.5458,0.248559,0.969786,0.912611,0.940708,0.604215,0.969786,0.622043,0.83995,0.832789,0.548076,0.946692,0.833758,0.930854,0.833758,0.949351,0.546625,0.945742,0.546625,0.833508,0.670512,0.604053,0.688828,0.61215,0.60998,0.847316,0.69678,0.622921,0.69678,0.93003,0.537559,0.496707,0.53538,0.803809,0.537559,0.79694,0.483566,0.594162,0.448838,0.828401,0.261472,0.893277,0.269848,0.847014,0.448473,0.826423,0.273874,0.829749,0.448124,0.829749,0.269848,0.812484,0.448473,0.833075,0.261472,0.766221,0.448838,0.831097,0.871562,0.358263,0.988455,0.532533,0.988624,0.539737,0.890996,0.248559,0.999588,0.547422,0.999588,0.299389,0.177392,0.567462,0.219737,0.811854,0.239701,0.810276,0.239701,0.549513,0.258997,0.837007,0.240525,0.550446,0.258997,0.549513,0.257973,0.835607,0.709277,0.832792,0.839126,0.62206,0.810074,0.604215,0.839126,0.912594,0.545847,0.247734,0.262914,0.135828,0.261472,0.212964,0.545847,0.000412,0.870737,0.603391,0.858828,0.248559,0.870737,0.25864,0.709277,0.473637,0.394652,0.511363,0.482741,0.765397,0.472876,0.763846,0.482741,0.496707,0.451999,0.757022,0.261472,0.571505,0.759408,0.000412,0.546671,0.159975,0.560444,0.188552,0.759408,0.239492,0.862044,0.205794,0.862044,0.000412,0.829407,0.02005,0.844244,0.245124,0.919485,0.225974,0.919485,0.000412,0.903759,0.005365,0.918797,0.150973,0.00086,0.722354,0.000412,0.707483,0.000862,0.692604,0.002078,0.682134,0.005431,0.66566,0.009098,0.627888,0.03435,0.597464,0.045468,0.615174,0.0537,0.624063,0.058527,0.639653,0.100825,0.562548,0.13367,0.549513,0.147078,0.565452,0.166637,0.627147,0.176568,0.620253,0.175846,0.643955,0.169611,0.690218,0.168998,0.707483,0.169611,0.724748,0.175846,0.771011,0.176568,0.794713,0.166637,0.787819,0.147078,0.849514,0.133617,0.865467,0.100749,0.852258,0.05913,0.77552,0.05355,0.791122,0.045515,0.800217,0.034229,0.817501,0.015212,0.801043,0.006802,0.753261,0.00211,0.7328,0.92031,0.146168,0.93384,0.000412,0.923489,0.001986,0.93384,0.194234,0.899713,0.192911,0.902934,0.000412,0.245971,0.312012,0.253192,0.30638,0.255956,0.286957,0.254464,0.267655,0.246852,0.24922,0.22544,0.246291,0.191922,0.290965,0.209452,0.203339,0.260648,0.000412,0.07124,0.190873,0.189804,0.290024,0.185894,0.288378,0.13549,0.239678,0.029393,0.231823,0.000412,0.215863,0.00457,0.219645,0.002417,0.21521,0.007029,0.213465,0.001409,0.213358,0.033434,0.221666,0.115936,0.288834,0.186019,0.288063,0.189992,0.289552,0.035719,0.280171,0.04254,0.548688,0.144582,0.366386,0.192164,0.290318,0.158009,0.528092,0.225533,0.301014,0.260648,0.280463,0.252691,0.304026,0.251897,0.310315]],
    "vertices":[4.33074,7.11705,-1.41572,2.17649,7.72349,0.613651,4.42615,7.10531,-1.46555,2.19726,7.70022,0.628287,3.55379,7.29687,-0.628218,2.20442,7.68139,0.641472,3.44705,7.26657,-0.523546,2.21707,7.63417,0.658958,3.28103,7.22975,-0.394135,2.14803,7.56246,0.802374,3.33343,7.12107,-0.545214,2.04939,7.48088,0.852335,4.63535,6.7592,-1.94835,1.84879,7.49884,0.948819,4.83924,6.53569,-1.99488,1.76392,7.49276,0.97139,5.01373,6.14066,-1.77422,1.726,7.49263,0.945118,4.62867,5.99869,-2.46412,1.65981,7.23136,1.01349,4.4999,6.78431,-1.83211,1.69056,7.05245,0.875994,4.50873,6.76162,-1.85829,1.52832,7.04837,0.930707,4.37085,6.46128,-1.94355,1.46299,7.03718,0.758894,4.80968,5.89299,-2.86319,1.54804,6.95981,0.653916,3.47925,6.08821,-1.75686,1.60985,6.97154,0.542367,3.48726,6.11324,-1.74654,1.67789,7.03155,0.394239,3.47666,6.09523,-1.74426,1.70916,7.04419,0.326148,3.494,6.10447,-1.73677,1.6429,7.0771,0.343493,3.48198,6.08465,-1.7529,1.48111,7.13913,0.355641,4.82076,5.87858,-2.84712,1.37126,7.18994,0.397523,4.31724,6.53106,-2.0213,1.30018,7.24913,0.522764,4.50908,6.76117,-1.85779,1.24049,7.42308,0.513237,4.50042,6.78364,-1.83137,1.3705,7.46895,0.411334,4.5313,6.12546,-2.60536,1.36595,7.61323,0.587673,4.41582,6.91898,-2.64144,1.58955,7.6744,0.746889,4.66127,6.76715,-2.25267,1.59445,7.71246,0.725403,4.63607,6.75821,-1.94742,1.66103,7.74323,0.677323,4.52752,7.29992,-2.16931,1.82526,7.77087,0.529526,4.25836,7.02363,-1.44074,2.02982,7.80472,0.520862,4.69687,6.99207,-1.66389,2.13545,7.75436,0.52945,3.84737,7.25178,-0.92832,2.15324,7.74833,0.566999,4.42517,7.11111,-1.47353,2.16711,7.73945,0.584561],
    "colors":[4241933,4373264,4307727,4438800,5160735,4307470,5226272,5423139,4833047,3915532,3002377,7657031,6473799,2993929,2270215,5685557,5292335,1544197,14414545,6932800,2859529,8770404,11789729,16777215,3856669,2200330,3056395,9892759,491014,4631071,5620264,3910933,10476678,5601111,6865486,5278535,6064979,5619512,5168434,5161267,4366623,4572191,3589670,4836400,4295469,2802709,4351303,4677709,4112926,4304405,10614432,5244049,6487437,10615200,14548956,5892931,13167546,15464677,16515067,16646141,14873818,16645885,15200999,15858413,5820213,8573537,15792617,4373268,4374292,8114007,4241934,4307471,9886331,15661545,16514553,6276405,4570131,4701462,4635926,16580347,3981068,4176653,0,2676232,4111628,4176908,3735350,2349831,2202634,2861065,1549573,6149441,6015544,9035397,8507999,14088401,15070943,4114462,492550,3056651,6865742,5162291,5619768,3592998,2806037,10411140,5886015,4570900,5625386,5557801,5622062,10682013,4899879,9893526,6082357,9827480,5753395,10287263,4901936,5299021,4767511,5101853,10088827,4964895,7527519,7395155,5365042,5232428,6552973,4374037],
    "materials":[{
        "colorDiffuse":[0.01437,0.64,0],
        "opacity":1,
        "depthTest":true,
        "DbgColor":15658734,
        "visible":true,
        "wireframe":false,
        "vertexColors":false,
        "depthWrite":true,
        "DbgIndex":0,
        "specularCoef":50,
        "colorSpecular":[0.5,0.5,0.5],
        "colorEmissive":[0,0,0],
        "transparent":false,
        "shading":"phong",
        "blending":"NormalBlending",
        "DbgName":"Material.006"
    }],