{
    "metadata":{
        "generator":"io_three",
        "version":3,
        "colors":43,
        "materials":1,
        "faces":92,
        "uvs":1,
        "vertices":64,
        "type":"Geometry",
        "normals":92
    },
    "name":"Cylinder.005Geometry",
    "uvs":[[0.902934,0.186017,0.888056,0.001022,0.873281,0.002809,0.895574,0.19303,0.862869,0.003648,0.870511,0.119656,0.828583,0.123344,0.828583,0.007085,0.80813,0.007788,0.811073,0.114952,0.760233,0.000412,0.796576,0.102959,0.760303,0.231047,0.760233,0.127051,0.779802,0.124168,0.779802,0.243532,0.982364,0.740987,0.970611,0.610414,0.991349,0.604215,0.991349,0.871645,0.5266,0.894101,0.264635,0.947885,0.261472,0.938196,0.5266,0.98304,0.546625,0.378444,0.708453,0.593189,0.696495,0.603229,0.708453,0.248559,0.5458,0.495883,0.261472,0.283535,0.262868,0.360306,0.5458,0.248559,0.969786,0.912611,0.940708,0.604215,0.969786,0.622043,0.83995,0.832789,0.548076,0.946692,0.833758,0.930854,0.833758,0.949351,0.546625,0.945742,0.546625,0.833508,0.670512,0.604053,0.688828,0.61215,0.60998,0.847316,0.69678,0.622921,0.69678,0.93003,0.537559,0.496707,0.53538,0.803809,0.537559,0.79694,0.483566,0.594162,0.448838,0.828401,0.261472,0.893277,0.269848,0.847014,0.448473,0.826423,0.273874,0.829749,0.448124,0.829749,0.269848,0.812484,0.448473,0.833075,0.261472,0.766221,0.448838,0.831097,0.871562,0.358263,0.988455,0.532533,0.988624,0.539737,0.890996,0.248559,0.999588,0.547422,0.999588,0.299389,0.177392,0.567462,0.219737,0.811854,0.239701,0.810276,0.239701,0.549513,0.258997,0.837007,0.240525,0.550446,0.258997,0.549513,0.257973,0.835607,0.709277,0.832792,0.839126,0.62206,0.810074,0.604215,0.839126,0.912594,0.545847,0.247734,0.262914,0.135828,0.261472,0.212964,0.545847,0.000412,0.870737,0.603391,0.858828,0.248559,0.870737,0.25864,0.709277,0.473637,0.394652,0.511363,0.482741,0.765397,0.472876,0.763846,0.482741,0.496707,0.451999,0.757022,0.261472,0.571505,0.759408,0.000412,0.546671,0.159975,0.560444,0.188552,0.759408,0.239492,0.862044,0.205794,0.862044,0.000412,0.829407,0.02005,0.844244,0.245124,0.919485,0.225974,0.919485,0.000412,0.903759,0.005365,0.918797,0.150973,0.00086,0.722354,0.000412,0.707483,0.000862,0.692604,0.002078,0.682134,0.005431,0.66566,0.009098,0.627888,0.03435,0.597464,0.045468,0.615174,0.0537,0.624063,0.058527,0.639653,0.100825,0.562548,0.13367,0.549513,0.147078,0.565452,0.166637,0.627147,0.176568,0.620253,0.175846,0.643955,0.169611,0.690218,0.168998,0.707483,0.169611,0.724748,0.175846,0.771011,0.176568,0.794713,0.166637,0.787819,0.147078,0.849514,0.133617,0.865467,0.100749,0.852258,0.05913,0.77552,0.05355,0.791122,0.045515,0.800217,0.034229,0.817501,0.015212,0.801043,0.006802,0.753261,0.00211,0.7328,0.92031,0.146168,0.93384,0.000412,0.923489,0.001986,0.93384,0.194234,0.899713,0.192911,0.902934,0.000412,0.245971,0.312012,0.253192,0.30638,0.255956,0.286957,0.254464,0.267655,0.246852,0.24922,0.22544,0.246291,0.191922,0.290965,0.209452,0.203339,0.260648,0.000412,0.07124,0.190873,0.189804,0.290024,0.185894,0.288378,0.13549,0.239678,0.029393,0.231823,0.000412,0.215863,0.00457,0.219645,0.002417,0.21521,0.007029,0.213465,0.001409,0.213358,0.033434,0.221666,0.115936,0.288834,0.186019,0.288063,0.189992,0.289552,0.035719,0.280171,0.04254,0.548688,0.144582,0.366386,0.192164,0.290318,0.158009,0.528092,0.225533,0.301014,0.260648,0.280463,0.252691,0.304026,0.251897,0.310315]],
    "vertices":[-2.12397,6.63284,2.64249,0.924512,7.73097,1.33516,-2.24546,6.62138,2.67063,0.901234,7.72279,1.30386,-1.01646,7.0226,2.09319,0.893476,7.71412,1.27856,-0.875108,7.021,1.98764,0.875694,7.68204,1.23103,-0.662434,7.00966,1.86225,0.978241,7.67327,1.05732,-0.780882,6.83485,1.93583,1.08664,7.59366,0.972657,-2.67013,6.07614,2.90071,1.33862,7.60658,0.917476,-2.9491,5.89363,2.78159,1.43785,7.58855,0.903557,-3.15398,5.68721,2.30201,1.47283,7.56251,0.934303,-2.93829,5.0485,2.94032,1.51797,7.32907,0.717759,-2.48386,6.12621,2.82164,1.41465,7.08769,0.738335,-2.5048,6.09211,2.83206,1.60881,7.06703,0.705069,-2.42856,5.71335,2.75118,1.63293,6.94028,0.874527,-3.26598,4.77457,3.23928,1.49629,6.83127,0.917783,-1.4551,5.19662,2.4657,1.39963,6.79788,1.02494,-1.45673,5.22898,2.4698,1.29483,6.79239,1.19625,-1.44757,5.20974,2.45807,1.24399,6.77541,1.26589,-1.46314,5.22798,2.45401,1.32813,6.79758,1.27823,-1.4577,5.19622,2.4593,1.52215,6.81698,1.32661,-3.27652,4.77293,3.21332,1.66452,6.85748,1.33201,-2.37754,5.7213,2.87679,1.78786,6.96442,1.25602,-2.50513,6.09206,2.83126,1.88272,7.10971,1.37953,-2.48435,6.12613,2.82043,1.71907,7.13475,1.48865,-2.84562,5.06294,3.16851,1.7976,7.37222,1.40554,-2.58501,5.77583,3.70304,1.60333,7.58657,1.25687,-2.77969,5.92,3.19815,1.5989,7.61268,1.30029,-2.67087,6.07592,2.8991,1.51752,7.63486,1.35661,-2.51324,6.44276,3.46011,1.30021,7.62644,1.49455,-2.06711,6.50723,2.61996,1.07684,7.71423,1.49527,-2.61987,6.47952,2.75718,0.95286,7.70134,1.4416,-1.43154,6.896,2.31715,0.942174,7.72188,1.39892,-2.24548,6.6222,2.68206,0.929924,7.72725,1.37449],
    "colors":[4241933,4307726,5291807,4635668,16777215,4635670,5488932,4307470,4963610,4587331,327426,589572,14483420,3133194,15923179,12577198,5554983,5882670,11723677,5882669,13823942,8179544,1179407,5423139,4963867,14611413,5948462,0,4766999,4241934,6867008,9689207,720645,4176652,3915531,707081,321537,3850506,3785740,589571,3719948,1371652,4439312],
    "materials":[{
        "colorDiffuse":[0.000467,0.64,0],
        "opacity":1,
        "depthTest":true,
        "DbgColor":15658734,
        "visible":true,
        "wireframe":false,
        "vertexColors":false,
        "depthWrite":true,
        "DbgIndex":0,
        "specularCoef":50,
        "colorSpecular":[0.5,0.5,0.5],
        "colorEmissive":[0,0,0],
        "transparent":false,
        "shading":"phong",
        "blending":"NormalBlending",
        "DbgName":"Material.005"
    }],