{
    "metadata":{
        "generator":"io_three",
        "version":3,
        "colors":102,
        "materials":1,
        "faces":92,
        "uvs":1,
        "vertices":64,
        "type":"Geometry",
        "normals":92
    },
    "name":"Cylinder.002Geometry",
    "uvs":[[0.902934,0.186017,0.888056,0.001022,0.873281,0.002809,0.895574,0.19303,0.862869,0.003648,0.870511,0.119656,0.828583,0.123344,0.828583,0.007085,0.80813,0.007788,0.811073,0.114952,0.760233,0.000412,0.796576,0.102959,0.760303,0.231047,0.760233,0.127051,0.779802,0.124168,0.779802,0.243532,0.982364,0.740987,0.970611,0.610414,0.991349,0.604215,0.991349,0.871645,0.5266,0.894101,0.264635,0.947885,0.261472,0.938196,0.5266,0.98304,0.546625,0.378444,0.708453,0.593189,0.696495,0.603229,0.708453,0.248559,0.5458,0.495883,0.261472,0.283535,0.262868,0.360306,0.5458,0.248559,0.969786,0.912611,0.940708,0.604215,0.969786,0.622043,0.83995,0.832789,0.548076,0.946692,0.833758,0.930854,0.833758,0.949351,0.546625,0.945742,0.546625,0.833508,0.670512,0.604053,0.688828,0.61215,0.60998,0.847316,0.69678,0.622921,0.69678,0.93003,0.537559,0.496707,0.53538,0.803809,0.537559,0.79694,0.483566,0.594162,0.448838,0.828401,0.261472,0.893277,0.269848,0.847014,0.448473,0.826423,0.273874,0.829749,0.448124,0.829749,0.269848,0.812484,0.448473,0.833075,0.261472,0.766221,0.448838,0.831097,0.871562,0.358263,0.988455,0.532533,0.988624,0.539737,0.890996,0.248559,0.999588,0.547422,0.999588,0.299389,0.177392,0.567462,0.219737,0.811854,0.239701,0.810276,0.239701,0.549513,0.258997,0.837007,0.240525,0.550446,0.258997,0.549513,0.257973,0.835607,0.709277,0.832792,0.839126,0.62206,0.810074,0.604215,0.839126,0.912594,0.545847,0.247734,0.262914,0.135828,0.261472,0.212964,0.545847,0.000412,0.870737,0.603391,0.858828,0.248559,0.870737,0.25864,0.709277,0.473637,0.394652,0.511363,0.482741,0.765397,0.472876,0.763846,0.482741,0.496707,0.451999,0.757022,0.261472,0.571505,0.759408,0.000412,0.546671,0.159975,0.560444,0.188552,0.759408,0.239492,0.862044,0.205794,0.862044,0.000412,0.829407,0.02005,0.844244,0.245124,0.919485,0.225974,0.919485,0.000412,0.903759,0.005365,0.918797,0.150973,0.00086,0.722354,0.000412,0.707483,0.000862,0.692604,0.002078,0.682134,0.005431,0.66566,0.009098,0.627888,0.03435,0.597464,0.045468,0.615174,0.0537,0.624063,0.058527,0.639653,0.100825,0.562548,0.13367,0.549513,0.147078,0.565452,0.166637,0.627147,0.176568,0.620253,0.175846,0.643955,0.169611,0.690218,0.168998,0.707483,0.169611,0.724748,0.175846,0.771011,0.176568,0.794713,0.166637,0.787819,0.147078,0.849514,0.133617,0.865467,0.100749,0.852258,0.05913,0.77552,0.05355,0.791122,0.045515,0.800217,0.034229,0.817501,0.015212,0.801043,0.006802,0.753261,0.00211,0.7328,0.92031,0.146168,0.93384,0.000412,0.923489,0.001986,0.93384,0.194234,0.899713,0.192911,0.902934,0.000412,0.245971,0.312012,0.253192,0.30638,0.255956,0.286957,0.254464,0.267655,0.246852,0.24922,0.22544,0.246291,0.191922,0.290965,0.209452,0.203339,0.260648,0.000412,0.07124,0.190873,0.189804,0.290024,0.185894,0.288378,0.13549,0.239678,0.029393,0.231823,0.000412,0.215863,0.00457,0.219645,0.002417,0.21521,0.007029,0.213465,0.001409,0.213358,0.033434,0.221666,0.115936,0.288834,0.186019,0.288063,0.189992,0.289552,0.035719,0.280171,0.04254,0.548688,0.144582,0.366386,0.192164,0.290318,0.158009,0.528092,0.225533,0.301014,0.260648,0.280463,0.252691,0.304026,0.251897,0.310315]],
    "vertices":[-0.405672,6.26061,-2.03337,1.8717,6.92687,0.37443,-0.466177,6.20992,-2.1253,1.85772,6.89179,0.382197,0.419417,6.45064,-1.1082,1.84899,6.87055,0.396287,0.482361,6.4599,-0.949815,1.81744,6.83201,0.426182,0.566611,6.49995,-0.729646,1.864,6.76984,0.605428,0.360218,6.5182,-0.791887,1.84366,6.79062,0.756413,-1.1319,6.23385,-2.35526,1.95937,6.90032,0.948813,-1.39377,6.01679,-2.3955,1.98401,6.95403,1.02764,-1.61912,5.588,-2.1509,1.97262,7.00294,1.03959,-2.14459,6.31506,-2.19655,1.80227,6.9219,1.28703,-1.00778,6.27871,-2.20275,1.54751,6.92475,1.29125,-1.04687,6.28073,-2.21101,1.60903,7.02239,1.44423,-1.34317,6.3473,-1.97942,1.494,7.18642,1.396,-2.53875,6.39096,-2.502,1.34057,7.15792,1.31854,-1.38853,6.83703,-0.993835,1.2645,7.18416,1.19996,-1.36106,6.83226,-1.00869,1.2047,7.2462,1.02573,-1.37341,6.83331,-0.988695,1.16417,7.26952,0.954717,-1.36325,6.81713,-1.00243,1.21609,7.32475,0.993236,-1.38942,6.8309,-0.991297,1.30639,7.47317,1.08038,-2.54236,6.36609,-2.49171,1.3981,7.55476,1.15435,-1.32572,6.46764,-2.0292,1.54698,7.5519,1.24479,-1.04698,6.27996,-2.21069,1.70269,7.66855,1.1769,-1.00795,6.27755,-2.20227,1.65121,7.64348,0.993808,-2.11291,6.53367,-2.287,1.89757,7.58109,1.01475,-1.42461,6.93023,-2.70622,2.02041,7.31091,0.910153,-1.33583,6.41601,-2.56047,2.03822,7.33427,0.870678,-1.13226,6.23229,-2.35463,2.021,7.32127,0.774948,-0.791041,6.65805,-2.7369,1.91657,7.29164,0.550676,-0.491737,6.3049,-1.93901,1.90498,7.1387,0.376346,-0.746253,6.07585,-2.37158,1.84862,7.02744,0.335284,0.125888,6.38847,-1.47318,1.86575,6.98572,0.348418,-0.466354,6.21803,-2.13286,1.86752,6.95946,0.354205],
    "colors":[4241933,4375052,4309004,4440077,4308237,4307982,4111629,4834583,4307726,4241678,6225687,224001,5766921,4444933,4438533,4440844,4242445,4176397,4241677,4176141,5103628,653570,289792,4372486,4503822,4110093,14408667,7916884,9950334,8243037,2741513,11986082,13233339,458498,4503552,3915788,4503819,4307468,4105995,3912200,4307211,3645708,3912972,4307210,4044299,4372743,19456,89600,4307209,5353256,5287718,4043276,4307212,4372742,3646730,4372741,4574988,4901390,3916043,4310283,4503556,4310027,0,4975623,4908297,4441867,4508171,4242189,4441356,4840714,4441611,4508683,4772876,4905485,4507404,4441100,4506637,5102096,6023968,4901652,6290717,4968466,6021921,4504580,4504576,4571662,7208726,4178190,4307983,3779595,3912716,5288231,4174604,3780875,3648522,3651084,4043789,3122186,2462213,4110605,4241421,4237068],
    "materials":[{
        "colorDiffuse":[0.008959,0.397537,0],
        "opacity":1,
        "depthTest":true,
        "DbgColor":15658734,
        "visible":true,
        "wireframe":false,
        "vertexColors":false,
        "depthWrite":true,
        "DbgIndex":0,
        "specularCoef":50,
        "colorSpecular":[0.5,0.5,0.5],
        "colorEmissive":[0,0,0],
        "transparent":false,
        "shading":"phong",
        "blending":"NormalBlending",
        "DbgName":"Material.002"
    }],