{
    "metadata":{
        "generator":"io_three",
        "version":3,
        "colors":74,
        "materials":1,
        "faces":92,
        "uvs":1,
        "vertices":64,
        "type":"Geometry",
        "normals":92
    },
    "name":"Cylinder.010Geometry",
    "uvs":[[0.902934,0.186017,0.888056,0.001022,0.873281,0.002809,0.895574,0.19303,0.862869,0.003648,0.870511,0.119656,0.828583,0.123344,0.828583,0.007085,0.80813,0.007788,0.811073,0.114952,0.760233,0.000412,0.796576,0.102959,0.760303,0.231047,0.760233,0.127051,0.779802,0.124168,0.779802,0.243532,0.982364,0.740987,0.970611,0.610414,0.991349,0.604215,0.991349,0.871645,0.5266,0.894101,0.264635,0.947885,0.261472,0.938196,0.5266,0.98304,0.546625,0.378444,0.708453,0.593189,0.696495,0.603229,0.708453,0.248559,0.5458,0.495883,0.261472,0.283535,0.262868,0.360306,0.5458,0.248559,0.969786,0.912611,0.940708,0.604215,0.969786,0.622043,0.83995,0.832789,0.548076,0.946692,0.833758,0.930854,0.833758,0.949351,0.546625,0.945742,0.546625,0.833508,0.670512,0.604053,0.688828,0.61215,0.60998,0.847316,0.69678,0.622921,0.69678,0.93003,0.537559,0.496707,0.53538,0.803809,0.537559,0.79694,0.483566,0.594162,0.448838,0.828401,0.261472,0.893277,0.269848,0.847014,0.448473,0.826423,0.273874,0.829749,0.448124,0.829749,0.269848,0.812484,0.448473,0.833075,0.261472,0.766221,0.448838,0.831097,0.871562,0.358263,0.988455,0.532533,0.988624,0.539737,0.890996,0.248559,0.999588,0.547422,0.999588,0.299389,0.177392,0.567462,0.219737,0.811854,0.239701,0.810276,0.239701,0.549513,0.258997,0.837007,0.240525,0.550446,0.258997,0.549513,0.257973,0.835607,0.709277,0.832792,0.839126,0.62206,0.810074,0.604215,0.839126,0.912594,0.545847,0.247734,0.262914,0.135828,0.261472,0.212964,0.545847,0.000412,0.870737,0.603391,0.858828,0.248559,0.870737,0.25864,0.709277,0.473637,0.394652,0.511363,0.482741,0.765397,0.472876,0.763846,0.482741,0.496707,0.451999,0.757022,0.261472,0.571505,0.759408,0.000412,0.546671,0.159975,0.560444,0.188552,0.759408,0.239492,0.862044,0.205794,0.862044,0.000412,0.829407,0.02005,0.844244,0.245124,0.919485,0.225974,0.919485,0.000412,0.903759,0.005365,0.918797,0.150973,0.00086,0.722354,0.000412,0.707483,0.000862,0.692604,0.002078,0.682134,0.005431,0.66566,0.009098,0.627888,0.03435,0.597464,0.045468,0.615174,0.0537,0.624063,0.058527,0.639653,0.100825,0.562548,0.13367,0.549513,0.147078,0.565452,0.166637,0.627147,0.176568,0.620253,0.175846,0.643955,0.169611,0.690218,0.168998,0.707483,0.169611,0.724748,0.175846,0.771011,0.176568,0.794713,0.166637,0.787819,0.147078,0.849514,0.133617,0.865467,0.100749,0.852258,0.05913,0.77552,0.05355,0.791122,0.045515,0.800217,0.034229,0.817501,0.015212,0.801043,0.006802,0.753261,0.00211,0.7328,0.92031,0.146168,0.93384,0.000412,0.923489,0.001986,0.93384,0.194234,0.899713,0.192911,0.902934,0.000412,0.245971,0.312012,0.253192,0.30638,0.255956,0.286957,0.254464,0.267655,0.246852,0.24922,0.22544,0.246291,0.191922,0.290965,0.209452,0.203339,0.260648,0.000412,0.07124,0.190873,0.189804,0.290024,0.185894,0.288378,0.13549,0.239678,0.029393,0.231823,0.000412,0.215863,0.00457,0.219645,0.002417,0.21521,0.007029,0.213465,0.001409,0.213358,0.033434,0.221666,0.115936,0.288834,0.186019,0.288063,0.189992,0.289552,0.035719,0.280171,0.04254,0.548688,0.144582,0.366386,0.192164,0.290318,0.158009,0.528092,0.225533,0.301014,0.260648,0.280463,0.252691,0.304026,0.251897,0.310315]],
    "vertices":[3.85402,6.55,3.2607,1.80161,7.49143,0.993313,3.92437,6.5475,3.35125,1.78504,7.49749,1.02526,3.04814,6.90776,2.4658,1.76655,7.49917,1.04274,2.90596,6.92104,2.39022,1.72956,7.48934,1.08223,2.71615,6.92287,2.26693,1.54871,7.52327,1.06394,2.78384,6.76688,2.38105,1.41904,7.46808,1.02755,4.15911,6.06811,3.75138,1.27316,7.46306,0.841429,4.14162,5.98791,4.06503,1.21659,7.43898,0.771322,3.80571,5.99168,4.45363,1.22009,7.40249,0.739006,4.07018,5.21866,4.21818,0.978997,7.26685,0.840113,4.03048,6.11092,3.61695,0.983837,7.06911,0.978153,4.03971,6.08145,3.63887,0.871742,7.03631,0.839356,3.85885,5.77534,3.70425,0.965528,6.87185,0.792414,4.37948,4.93494,4.44581,1.032,6.78374,0.914949,3.1106,5.29772,3.15733,1.1488,6.73431,0.96309,3.1218,5.32411,3.14882,1.32549,6.68933,0.98773,3.10443,5.31028,3.1506,1.39745,6.65962,1.00818,3.11191,5.32911,3.15985,1.37684,6.66335,0.930463,3.10659,5.29975,3.1618,1.33773,6.63874,0.752373,4.36322,4.94317,4.46394,1.29142,6.65252,0.625613,3.93751,5.73555,3.61651,1.20444,6.751,0.525945,4.03921,6.08171,3.63943,1.29414,6.82266,0.368249,4.02973,6.1113,3.61779,1.45376,6.8311,0.454414,4.21309,5.14637,4.0588,1.40952,7.04861,0.359551,4.68313,5.54783,3.47504,1.42314,7.30347,0.513152,4.40241,5.85592,3.77387,1.46486,7.31249,0.494514,4.15811,6.06853,3.7526,1.54805,7.32429,0.534121,4.6138,6.18147,3.33155,1.74515,7.30234,0.661776,3.78416,6.44293,3.2555,1.85921,7.4063,0.818284,4.11697,6.44937,3.65788,1.86629,7.42882,0.940311,3.36872,6.78449,2.75225,1.84203,7.46119,0.95878,3.93351,6.54458,3.34699,1.82927,7.47511,0.975925],
    "colors":[4241933,4438801,11395736,14611414,16777215,4898585,5029917,4439057,4176910,16646141,1900298,1179402,16383993,1376010,5308238,5036335,5832535,16711678,6160220,5685801,16580090,16317942,9426800,9568143,15794160,1834765,14548955,13303753,14548956,15990771,16515067,9699216,1310473,1179404,1113867,1244938,1048330,1113869,1179405,4439056,1244935,16449530,15532011,589574,13893587,4242190,4307726,5227295,16449528,0,10026900,10157974,4834073,10084995,4373264,8376924,13561280,8114776,10220300,9240335,1441543,2293514,2293534,2031369,1965834,4587273,13893389,14155533,13958925,3852045,4307982,4899869,9830288,14024461],
    "materials":[{
        "colorDiffuse":[0.000395,0.64,0],
        "opacity":1,
        "depthTest":true,
        "DbgColor":15658734,
        "visible":true,
        "wireframe":false,
        "vertexColors":false,
        "depthWrite":true,
        "DbgIndex":0,
        "specularCoef":50,
        "colorSpecular":[0.5,0.5,0.5],
        "colorEmissive":[0,0,0],
        "transparent":false,
        "shading":"phong",
        "blending":"NormalBlending",
        "DbgName":"Material.010"
    }],