{
    "metadata":{
        "generator":"io_three",
        "version":3,
        "colors":144,
        "materials":1,
        "faces":92,
        "uvs":1,
        "vertices":64,
        "type":"Geometry",
        "normals":92
    },
    "name":"Cylinder.003Geometry",
    "uvs":[[0.902934,0.186017,0.888056,0.001022,0.873281,0.002809,0.895574,0.19303,0.862869,0.003648,0.870511,0.119656,0.828583,0.123344,0.828583,0.007085,0.80813,0.007788,0.811073,0.114952,0.760233,0.000412,0.796576,0.102959,0.760303,0.231047,0.760233,0.127051,0.779802,0.124168,0.779802,0.243532,0.982364,0.740987,0.970611,0.610414,0.991349,0.604215,0.991349,0.871645,0.5266,0.894101,0.264635,0.947885,0.261472,0.938196,0.5266,0.98304,0.546625,0.378444,0.708453,0.593189,0.696495,0.603229,0.708453,0.248559,0.5458,0.495883,0.261472,0.283535,0.262868,0.360306,0.5458,0.248559,0.969786,0.912611,0.940708,0.604215,0.969786,0.622043,0.83995,0.832789,0.548076,0.946692,0.833758,0.930854,0.833758,0.949351,0.546625,0.945742,0.546625,0.833508,0.670512,0.604053,0.688828,0.61215,0.60998,0.847316,0.69678,0.622921,0.69678,0.93003,0.537559,0.496707,0.53538,0.803809,0.537559,0.79694,0.483566,0.594162,0.448838,0.828401,0.261472,0.893277,0.269848,0.847014,0.448473,0.826423,0.273874,0.829749,0.448124,0.829749,0.269848,0.812484,0.448473,0.833075,0.261472,0.766221,0.448838,0.831097,0.871562,0.358263,0.988455,0.532533,0.988624,0.539737,0.890996,0.248559,0.999588,0.547422,0.999588,0.299389,0.177392,0.567462,0.219737,0.811854,0.239701,0.810276,0.239701,0.549513,0.258997,0.837007,0.240525,0.550446,0.258997,0.549513,0.257973,0.835607,0.709277,0.832792,0.839126,0.62206,0.810074,0.604215,0.839126,0.912594,0.545847,0.247734,0.262914,0.135828,0.261472,0.212964,0.545847,0.000412,0.870737,0.603391,0.858828,0.248559,0.870737,0.25864,0.709277,0.473637,0.394652,0.511363,0.482741,0.765397,0.472876,0.763846,0.482741,0.496707,0.451999,0.757022,0.261472,0.571505,0.759408,0.000412,0.546671,0.159975,0.560444,0.188552,0.759408,0.239492,0.862044,0.205794,0.862044,0.000412,0.829407,0.02005,0.844244,0.245124,0.919485,0.225974,0.919485,0.000412,0.903759,0.005365,0.918797,0.150973,0.00086,0.722354,0.000412,0.707483,0.000862,0.692604,0.002078,0.682134,0.005431,0.66566,0.009098,0.627888,0.03435,0.597464,0.045468,0.615174,0.0537,0.624063,0.058527,0.639653,0.100825,0.562548,0.13367,0.549513,0.147078,0.565452,0.166637,0.627147,0.176568,0.620253,0.175846,0.643955,0.169611,0.690218,0.168998,0.707483,0.169611,0.724748,0.175846,0.771011,0.176568,0.794713,0.166637,0.787819,0.147078,0.849514,0.133617,0.865467,0.100749,0.852258,0.05913,0.77552,0.05355,0.791122,0.045515,0.800217,0.034229,0.817501,0.015212,0.801043,0.006802,0.753261,0.00211,0.7328,0.92031,0.146168,0.93384,0.000412,0.923489,0.001986,0.93384,0.194234,0.899713,0.192911,0.902934,0.000412,0.245971,0.312012,0.253192,0.30638,0.255956,0.286957,0.254464,0.267655,0.246852,0.24922,0.22544,0.246291,0.191922,0.290965,0.209452,0.203339,0.260648,0.000412,0.07124,0.190873,0.189804,0.290024,0.185894,0.288378,0.13549,0.239678,0.029393,0.231823,0.000412,0.215863,0.00457,0.219645,0.002417,0.21521,0.007029,0.213465,0.001409,0.213358,0.033434,0.221666,0.115936,0.288834,0.186019,0.288063,0.189992,0.289552,0.035719,0.280171,0.04254,0.548688,0.144582,0.366386,0.192164,0.290318,0.158009,0.528092,0.225533,0.301014,0.260648,0.280463,0.252691,0.304026,0.251897,0.310315]],
    "vertices":[1.1204,6.74928,-2.54186,1.79364,7.53429,0.34974,1.12172,6.72754,-2.64849,1.81209,7.51186,0.341119,1.40318,6.9992,-1.46734,1.82403,7.4949,0.34294,1.43638,6.98643,-1.31993,1.83996,7.45296,0.34341,1.4633,6.97533,-1.10925,1.91592,7.40023,0.481819,1.36482,6.8756,-1.23231,1.90829,7.34246,0.594126,0.824454,6.4048,-3.07668,1.89888,7.38239,0.813971,0.861893,6.18855,-3.26553,1.88034,7.38754,0.897431,1.08005,5.82952,-3.27826,1.84467,7.39199,0.914743,0.389962,5.75338,-3.32962,1.85472,7.17643,1.01561,0.857479,6.44299,-2.90069,1.75371,7.01924,0.920262,0.840107,6.42243,-2.92169,1.72744,7.03556,1.08588,0.701911,6.18184,-2.84376,1.5696,7.03358,1.0468,0.157407,5.64009,-3.69595,1.5213,6.95678,0.920711,0.45219,5.97107,-1.98498,1.4632,6.95909,0.807651,0.46469,5.99155,-1.9868,1.38262,7.00193,0.66787,0.461034,5.97742,-1.97614,1.34477,7.00882,0.604084,0.474416,5.98324,-1.98681,1.33213,7.04508,0.667915,0.456133,5.9677,-1.98498,1.27741,7.11788,0.807813,0.173393,5.62643,-3.69597,1.26619,7.17481,0.920935,0.624552,6.24795,-2.84369,1.33465,7.23438,1.04701,0.840602,6.42201,-2.92169,1.31205,7.39056,1.08625,0.858221,6.44235,-2.90069,1.29147,7.41385,0.920419,0.24943,5.87348,-3.32951,1.4309,7.53829,1.01622,0.217169,6.56693,-3.27752,1.64774,7.56382,0.914607,0.605302,6.40786,-3.26512,1.63558,7.59577,0.897565,0.825406,6.40386,-3.07676,1.62854,7.61394,0.814668,0.641704,6.88048,-3.12438,1.58646,7.61736,0.595698,1.06629,6.67803,-2.49217,1.66681,7.62148,0.418986,1.07802,6.59729,-2.97969,1.71451,7.56554,0.336992,1.29565,6.92434,-1.87547,1.75,7.55829,0.342864,1.11559,6.73261,-2.65221,1.76858,7.54904,0.341159],
    "colors":[1017344,6404119,6600727,2201600,2594816,6928409,5376,1002243,6993945,2125574,2415880,6805017,6538777,2937354,4635663,3850508,3456010,2931208,2674439,4241927,964609,4765703,4765447,1358594,1882884,3913995,3453707,2930441,2996232,1744390,368128,898304,3980812,4045580,3782923,3521802,3393803,3256842,3589643,3387914,4765968,3520778,2993417,3851020,3719948,563457,3981068,563713,1615621,1961478,1961477,1615620,2138886,3785995,161536,1244931,524035,227072,225280,897792,1095680,2930688,2013184,40192,964864,421888,289792,833024,964608,767232,42240,3586048,3848192,704000,4175875,5224457,980225,5043468,4700167,4700166,311553,5158918,4700169,4305408,4896773,6535195,6993948,94720,29184,6404120,963328,701184,4175888,3520526,8192,6740760,6347798,6150934,0,5099026,5561365,5824022,6149144,4502803,3055622,2988805,3251462,3451658,225024,355328,487425,423681,2859785,3847947,2537479,3914253,2929930,3323914,3912203,4241677,3517707,3912204,2332937,2926346,6010903,6141976,1410560,2937353,458499,1371653,1568518,2347015,327426,720644,1763333,321281,4111116,6075158,524034,1422597,1416707,4634895,1437189,3654923],
    "materials":[{
        "colorDiffuse":[0.044933,0.64,0],
        "opacity":1,
        "depthTest":true,
        "DbgColor":15658734,
        "visible":true,
        "wireframe":false,
        "vertexColors":false,
        "depthWrite":true,
        "DbgIndex":0,
        "specularCoef":50,
        "colorSpecular":[0.5,0.5,0.5],
        "colorEmissive":[0,0,0],
        "transparent":false,
        "shading":"phong",
        "blending":"NormalBlending",
        "DbgName":"Material.003"
    }],