{
    "colors":[],
    "name":"Cone.004Geometry",
    "skinIndices":[],
    "influencesPerVertex":2,
    "normals":[-0.302554,-0.876919,-0.373461,0.492982,-0.789344,-0.365931,0.677993,-0.541894,-0.496665,-0.230923,-0.970845,-0.064303,0.642152,0.706716,0.296975,0.208097,-0.825783,-0.524192,0.860588,-0.230435,-0.454189,0.917022,0.013522,-0.398607,0.866014,0.157395,-0.474602,0.262841,0.964142,0.036673,0.842487,-0.197164,-0.501341,0.429461,0.75262,-0.499126,0.865776,0.142254,-0.479787,0.136069,0.863309,-0.485987,-0.738791,0.673919,0.004626,0.923747,0.169476,-0.343467,-0.117502,0.777928,-0.617269,-0.200568,0.757938,-0.620727,-0.559567,0.623656,-0.545837,-0.135751,0.94967,-0.28231,-0.985775,-0.065641,-0.154725,-0.789574,0.422035,-0.445488,0.626881,0.615527,0.477647,-0.924182,-0.287113,-0.2519,-0.796861,-0.454165,-0.39843,-0.78911,0.315765,-0.526875,-0.812502,0.102753,-0.573831,0.370854,-0.928091,0.033394,0.806256,0.298848,0.510529,-0.856736,-0.259889,-0.445489,-0.886317,-0.149973,-0.438121,-0.789573,-0.422036,-0.445488,-0.722024,-0.372403,-0.583093,-0.534294,-0.609978,-0.585198,-0.567964,-0.692068,-0.445488,-0.992805,-0.049072,0.109222,0.658719,-0.752252,0.014356,-0.567249,-0.651871,-0.503282,0.004247,0.625908,0.779885,-0.213952,0.592158,0.7769,0,0,1,-0.425011,0.176045,0.887904,-0.554299,0,0.832318,-0.472184,-0.315503,0.823104,0,-0,1,-0.053967,0.271312,0.960977,0,0,1,0.615485,0.411255,0.672345,-0.237793,-0.355882,0.903771,-0.189069,-0.404586,0.894742,0.711124,-0.170903,0.681979,-0.275712,-0.688919,0.670354,0.683893,-0.444937,0.578205,0.803617,0.00785,0.595095,-0.269494,0.888401,0.37164,-0,0,1,-0.250946,-0.959835,0.125473,-0.222482,0.959287,-0.173982,-0.469246,0.796935,-0.380398,0.259888,0.856737,-0.445488,-0.956268,0.214742,-0.198588,-0.651944,-0.747126,0.129506,0.828621,0.551147,0.098102,-0.856737,0.259888,-0.445488,-0.750482,0.250973,-0.611383,0.767239,-0.035881,-0.640357,0.917444,-0.245253,-0.313285,-0.773085,-0.506466,0.38188,0.960557,0.200936,-0.192235,0.162807,0.892057,-0.421577,-0.567963,0.692068,-0.445489,-0.908522,-0.144628,-0.392009,-0.890977,0.087749,-0.445488,0.825466,-0.322748,-0.463077,0.789573,0.422036,-0.445489,0.211311,0.815849,0.538274,-0.293828,0.841642,-0.453104,-0.974198,0.224494,0.023274,-0.824,-0.515634,0.234831,0.143451,0.984866,-0.097262,-0.003992,0.946188,-0.323594,-0.81478,0.50829,-0.278881,0.350157,0.832277,-0.429773,0.390425,0.743732,0.542615,0.33403,-0.935284,0.11691,0.917444,-0.245253,-0.313286,0.576351,0.673181,-0.463299,0.976476,0.214602,0.020982,0.115314,0.928311,-0.353471,-0.034831,0.885276,-0.463761,-0.953566,-0.08847,-0.287897,-0.88061,-0.098998,-0.463385,-0.918203,-0.043245,-0.393742,-0.422037,-0.789573,-0.445488,0.990335,-0.124055,-0.062027,0.087754,-0.890977,-0.445489,0.395573,0.881826,0.256721,0.692069,-0.567962,-0.445488,0.354558,0.931341,-0.083025,-0.551282,-0.412879,0.724996,-0.845269,-0.293376,-0.446599,0.966149,-0.161343,0.201305,-0.859729,-0.380781,-0.3404,-0.187118,-0.889085,-0.417749,0.567964,-0.692067,-0.445488,0.150502,-0.934633,-0.322196,0.890977,-0.087756,-0.445488,-0.41012,0.837428,0.361271,-0.46211,-0.124834,0.877992,-0.895676,-0.10103,-0.433079,-0.763229,-0.480714,-0.431735,-0.913151,-0.165744,-0.372403,0.981654,-0.169553,0.087223,-0.812361,-0.492268,-0.312636,0.478434,0.804845,0.351177,0.759266,0.608932,-0.229602,0.924504,0.125815,-0.359809,-0.903577,-0.038025,-0.426734,-0.770271,-0.456398,-0.445403,-0.789573,-0.422036,-0.445488,0.914771,-0.293425,0.277661,-0.229921,-0.863759,-0.448393,0.279753,-0.849363,-0.447571,-0.110874,-0.906182,-0.408095,0.246229,-0.941507,-0.23008,0.779466,0.44651,-0.439387,-0.856736,-0.259889,-0.445489,0.692054,0.56797,0.445501,0.902387,-0.391195,0.180733,-0.292471,0.481188,0.826389,-0.890977,-0.087755,-0.445488,0.786764,0.390968,0.477647,0.664825,-0.701166,0.25763,0.561122,-0.803995,0.196811,-0.856621,-0.217333,-0.467938,-0.850597,0.361474,-0.381866,0.303457,0.351434,0.885668,0.883475,0.140403,0.446945,-0.796994,0.100421,-0.595581],
    "materials":[{
        "DbgName":"Material.003",
        "vertexColors":false,
        "depthTest":true,
        "colorSpecular":[0.5,0.5,0.5],
        "depthWrite":true,
        "shading":"phong",
        "colorDiffuse":[0.006227,0.64,0.113648],
        "colorEmissive":[0,0,0],
        "blending":"NormalBlending",
        "DbgColor":15658734,
        "specularCoef":50,
        "wireframe":false,
        "transparent":false,
        "opacity":1,
        "visible":true,
        "DbgIndex":0
    }],
    "vertices":[-0.655376,6.91062,-0.777482,-0.352623,7.15864,-0.470501,0.023023,6.88298,-0.696435,0.061457,7.18879,-0.281328,0.212993,7.18879,-0.156965,0.337356,7.18879,-0.005429,0.856958,6.90487,-0.182988,0.486672,7.18879,0.355051,0.903398,6.91126,0.648008,-0.494114,9.18879,0.550142,0.486672,7.18879,0.745232,0.429766,7.18879,0.932825,0.751998,6.89937,1.20562,0.212993,7.18879,1.25725,0.338896,6.98774,1.68369,-0.11143,7.18879,1.47402,-0.299024,7.18879,1.53093,-0.172186,6.95256,1.99407,-0.759588,7.21375,1.69097,-0.828456,7.4565,1.48232,-1.23748,6.92574,1.54336,-1.20122,7.18879,1.25725,-1.32558,7.18879,1.10571,-1.41799,7.18879,0.932824,-1.4749,7.18879,0.745231,-1.75821,6.80531,0.677091,-1.84757,6.83057,0.204469,-1.41799,7.18879,0.167457,-1.50397,6.89386,-0.186048,-1.20122,7.18879,-0.156966,-1.04968,7.18879,-0.281329,-0.876796,7.18879,-0.373738,-0.689203,7.18879,-0.430644,0.565371,7.9132,0.439892,0.049735,8.21188,1.33667,-0.419756,8.4265,0.923965,-0.96884,8.09404,1.15415,-1.15942,7.93347,1.32695,-0.973528,8.22996,0.550141,-0.064339,8.32924,0.550142,-0.166293,8.40026,0.769184,-0.348666,8.42865,0.901283,-0.570287,8.40789,0.93309,-0.790894,8.34937,0.846922,-0.947162,8.26494,0.640258,0.668525,7.82476,1.06717,-0.331206,7.94337,1.24054,-0.489618,7.88875,1.7724,-0.722127,8.36796,0.891388,-0.9059,8.29736,0.720709,-1.53626,7.72387,0.100261,0.603873,7.37673,0.892509,0.003239,7.78207,1.04749,-0.364639,7.86146,1.20106,-0.747923,7.86232,1.16289,-1.09295,7.74836,0.950272,-1.31863,7.53976,0.550141,0.336799,7.52696,0.550142,0.111289,7.73257,0.954659,-0.227061,7.27637,1.61042,-0.622357,7.87409,1.19486,-1.3233,7.3325,1.41017,-1.58681,7.18182,1.09935,0.206045,7.6731,0.840157,-0.113569,7.81886,1.11967,-0.494114,7.87274,1.20817,-0.869317,7.8381,1.11167,-1.18971,7.68297,0.838266,-1.34398,7.45576,0.381092,-0.786734,8.48493,0.354618,-0.61913,8.53542,0.248325,-0.431749,8.54945,0.236613,-0.245773,8.48638,0.3018,-0.092263,8.36934,0.470208,-0.678601,8.52465,0.274037,-0.494114,8.54742,0.229457,-0.833806,8.45343,0.409436,-0.306371,8.51294,0.269164,0.444729,8.01658,0.297225,-0.873093,8.19232,-0.475961,-0.54549,7.85325,-0.527769,-0.029662,8.18335,0.742524,-0.037016,8.25669,0.641064,-1.43969,7.51051,1.19317,0.290821,8.14307,-0.106404,-0.053292,8.12845,0.844689,-0.188317,8.45323,0.345814,-1.44796,6.99645,-0.637271,-1.03041,7.21516,-0.729931,-0.346679,7.72023,-0.539192,-1.47096,7.18879,0.342069,0.846686,7.18915,-0.468078,0.748525,7.28413,0.159578,-0.935181,7.60099,-0.109964,-0.494114,7.74216,-0.173172,-1.36165,7.31077,0.190796,-0.095757,7.75475,-0.046041,0.218453,7.64624,0.254987,-1.08349,7.52178,-0.039235,-0.638327,7.71035,-0.174874,-0.221593,7.76453,-0.107781,0.125937,7.69733,0.135837,-1.62277,6.94291,0.266848,-1.35655,7.46392,0.550141,-1.26979,7.323,0.031852,-1.36057,7.42194,0.377793,-1.31265,7.35249,0.143178,-1.2198,7.28981,-0.055094,-0.908679,8.34342,0.467679,-1.08485,8.11927,0.656906],
    "uvs":[],
    "metadata":{
        "version":3,
        "normals":139,
        "materials":1,
        "type":"Geometry",
        "colors":0,
        "generator":"io_three",
        "vertices":110,
        "uvs":0,
        "faces":152
    },