{
    "colors":[],
    "name":"Cone.003Geometry",
    "skinIndices":[],
    "influencesPerVertex":2,
    "normals":[-0.302554,-0.87692,-0.373461,0.492982,-0.789344,-0.365931,0.677993,-0.541894,-0.496666,-0.230923,-0.970845,-0.064303,0.642152,0.706716,0.296975,0.208097,-0.825783,-0.524193,0.860588,-0.230435,-0.454189,0.917023,0.013522,-0.398606,0.866014,0.157395,-0.474601,0.262841,0.964142,0.036672,0.842487,-0.197164,-0.501341,0.429462,0.75262,-0.499126,0.865776,0.142254,-0.479786,0.136069,0.863309,-0.485987,-0.738791,0.673919,0.004627,0.923747,0.169476,-0.343467,-0.117503,0.777928,-0.617269,-0.200568,0.757938,-0.620727,-0.559566,0.623656,-0.545837,-0.135752,0.94967,-0.28231,-0.985775,-0.06564,-0.154725,-0.789574,0.422035,-0.445488,0.62688,0.615528,0.477647,-0.924182,-0.287113,-0.2519,-0.796861,-0.454164,-0.398431,-0.78911,0.315765,-0.526875,-0.812502,0.102753,-0.573831,0.370854,-0.928091,0.033394,0.806257,0.298849,0.510529,-0.856737,-0.25989,-0.445488,-0.886317,-0.149972,-0.438121,-0.789573,-0.422036,-0.445488,-0.722024,-0.372403,-0.583093,-0.534295,-0.609978,-0.585198,-0.567964,-0.692068,-0.445488,-0.992805,-0.049072,0.109222,0.658719,-0.752252,0.014356,-0.567249,-0.651871,-0.503282,0.004247,0.625909,0.779885,-0.213951,0.592158,0.7769,0,0,1,-0.425011,0.176045,0.887904,-0.554299,0,0.832317,-0.472184,-0.315503,0.823104,0,-0,1,-0.053968,0.271313,0.960977,0.615485,0.411255,0.672345,0,0,1,-0.237793,-0.355882,0.903771,-0.189068,-0.404586,0.894742,0.711124,-0.170904,0.681979,-0.275711,-0.688919,0.670354,0.683893,-0.444936,0.578206,0.803617,0.00785,0.595095,-0.269494,0.888401,0.37164,-0,0,1,-0.250946,-0.959835,0.125473,-0.222482,0.959287,-0.173982,-0.469246,0.796935,-0.380398,0.259888,0.856737,-0.445488,-0.956268,0.214742,-0.198588,-0.651944,-0.747126,0.129506,0.828621,0.551147,0.098102,-0.856737,0.259888,-0.445488,-0.750482,0.250973,-0.611383,0.767239,-0.035881,-0.640357,0.917444,-0.245253,-0.313286,-0.773085,-0.506466,0.38188,0.960557,0.200936,-0.192235,0.162807,0.892057,-0.421577,-0.567965,0.692067,-0.445488,-0.908522,-0.144628,-0.392009,-0.890977,0.087752,-0.445488,0.825466,-0.322748,-0.463077,0.789574,0.422035,-0.445488,0.211311,0.815849,0.538274,-0.293828,0.841643,-0.453104,-0.974198,0.224494,0.023274,-0.824,-0.515635,0.234831,0.14345,0.984866,-0.097262,-0.003991,0.946188,-0.323594,-0.81478,0.508291,-0.278881,0.350157,0.832277,-0.429773,0.390425,0.743732,0.542614,0.917444,-0.245253,-0.313285,0.917444,-0.245253,-0.313286,0.576351,0.673181,-0.4633,0.976476,0.214602,0.020982,0.115314,0.928311,-0.353471,-0.034833,0.885275,-0.463761,-0.953566,-0.08847,-0.287897,-0.88061,-0.098998,-0.463385,-0.918203,-0.043245,-0.393742,-0.422035,-0.789574,-0.445488,0.990335,-0.124055,-0.062027,0.087754,-0.890977,-0.445488,0.395573,0.881825,0.256721,0.692066,-0.567965,-0.445488,0.354558,0.931341,-0.083025,-0.551282,-0.412877,0.724997,-0.845269,-0.293376,-0.446598,0.966149,-0.161343,0.201305,-0.859729,-0.380781,-0.3404,-0.187119,-0.889085,-0.417748,0.567964,-0.692067,-0.445488,0.150503,-0.934633,-0.322196,0.890977,-0.087752,-0.445488,-0.41012,0.837427,0.361271,-0.46211,-0.124833,0.877992,-0.895676,-0.10103,-0.433079,-0.763229,-0.480714,-0.431735,-0.913151,-0.165744,-0.372403,0.981654,-0.169553,0.087223,-0.812361,-0.492268,-0.312636,0.478435,0.804845,0.351177,0.759266,0.608932,-0.229602,0.924504,0.125811,-0.35981,-0.903577,-0.038025,-0.426734,-0.770271,-0.456398,-0.445403,-0.789573,-0.422036,-0.445488,0.914771,-0.293425,0.277661,-0.229921,-0.863759,-0.448393,0.279753,-0.849363,-0.447572,-0.110874,-0.906182,-0.408095,0.246229,-0.941506,-0.23008,0.779466,0.446511,-0.439387,-0.856737,-0.259889,-0.445488,0.692058,0.567969,0.445497,0.902387,-0.391195,0.180733,-0.292471,0.481188,0.826389,-0.890976,-0.087754,-0.445489,0.786764,0.390969,0.477647,0.664825,-0.701166,0.25763,-0.046695,0.996169,0.073934,-0.856621,-0.217336,-0.467938,-0.850598,0.361471,-0.381867,0.303459,0.351434,0.885668,0.883475,0.140402,0.446945,-0.79699,0.100428,-0.595584],
    "materials":[{
        "DbgName":"Material.002",
        "vertexColors":false,
        "depthTest":true,
        "colorSpecular":[0.5,0.5,0.5],
        "depthWrite":true,
        "shading":"phong",
        "colorDiffuse":[0.006486,0.447679,0.105631],
        "colorEmissive":[0,0,0],
        "blending":"NormalBlending",
        "DbgColor":15658734,
        "specularCoef":50,
        "wireframe":false,
        "transparent":false,
        "opacity":1,
        "visible":true,
        "DbgIndex":0
    }],
    "vertices":[-0.733534,4.52103,-1.40739,-0.279406,4.89306,-0.946917,0.284064,4.47957,-1.28582,0.341714,4.93829,-0.663158,0.569019,4.93829,-0.476613,0.755563,4.93829,-0.249309,1.53497,4.51241,-0.515648,0.979537,4.93829,0.291411,1.60463,4.522,0.730846,-0.491641,7.93829,0.584047,0.979537,4.93829,0.876682,0.894178,4.93829,1.15807,1.37753,4.50416,1.56727,0.569019,4.93829,1.64471,0.757873,4.63672,2.28437,0.082384,4.93829,1.96987,-0.199006,4.93829,2.05523,-0.008749,4.58395,2.74993,-0.889852,4.97572,2.29528,-0.993154,5.33985,1.98231,-1.60669,4.54371,2.07388,-1.5523,4.93829,1.64471,-1.73885,4.93829,1.4174,-1.87746,4.93829,1.15807,-1.96282,4.93829,0.876681,-2.38778,4.36307,0.774471,-2.52183,4.40095,0.065537,-1.87746,4.93829,0.01002,-2.00642,4.49589,-0.520238,-1.5523,4.93829,-0.476615,-1.32499,4.93829,-0.663159,-1.06566,4.93829,-0.801773,-0.784275,4.93829,-0.887132,1.09759,6.0249,0.418672,0.324132,6.47293,1.76384,-0.380104,6.79485,1.14478,-1.20373,6.29616,1.49006,-1.4896,6.05531,1.74927,-1.21076,6.50005,0.584046,0.153021,6.64896,0.584047,9e-05,6.75549,0.912611,-0.27347,6.79807,1.11076,-0.605901,6.76694,1.15847,-0.936812,6.67916,1.02922,-1.17121,6.55252,0.719222,1.25232,5.89224,1.3596,-0.24728,6.07015,1.61964,-0.484898,5.98822,2.41744,-0.833662,6.70705,1.09592,-1.10932,6.60115,0.839898,-2.05487,5.74091,-0.090775,1.15534,5.22019,1.0976,0.254387,5.8282,1.33007,-0.297429,5.94729,1.56042,-0.872355,5.94858,1.50317,-1.3899,5.77764,1.18424,-1.72842,5.46474,0.584046,0.754728,5.44555,0.584047,0.416463,5.75395,1.19082,-0.091062,5.06965,2.17446,-0.684006,5.96624,1.55113,-1.73542,5.15385,1.8741,-2.13069,4.92784,1.40786,0.558597,5.66475,1.01907,0.079176,5.8834,1.43833,-0.491642,5.96422,1.57108,-1.05445,5.91225,1.42634,-1.53504,5.67957,1.01623,-1.76644,5.33874,0.330472,-0.930572,6.88249,0.290762,-0.679165,6.95824,0.131322,-0.398094,6.97928,0.113754,-0.11913,6.88467,0.211535,0.111135,6.70912,0.464147,-0.768372,6.94208,0.169889,-0.491641,6.97623,0.10302,-1.00118,6.83525,0.372988,-0.210027,6.9245,0.162581,0.916623,6.17997,0.204672,-1.06011,6.44358,-0.955108,-0.568706,5.93498,-1.03282,0.205036,6.43013,0.87262,0.194005,6.54013,0.72043,-1.91,5.42086,1.54859,0.685761,6.36971,-0.400771,0.169591,6.34778,1.02587,-0.032946,6.83495,0.277556,-1.92241,4.64977,-1.19707,-1.29609,4.97785,-1.33606,-0.270489,5.73544,-1.04995,-1.95691,4.93829,0.271938,1.51956,4.93882,-0.943282,1.37232,5.0813,-0.001799,-1.15324,5.55659,-0.406111,-0.491641,5.76835,-0.500924,-1.79294,5.12125,0.045028,0.105893,5.78722,-0.310227,0.577209,5.62446,0.141314,-1.3757,5.43778,-0.300019,-0.707961,5.72063,-0.503477,-0.08286,5.8019,-0.402838,0.438435,5.7011,-0.03741,-2.18462,4.56947,0.159107,-1.78529,5.35099,0.584045,-1.65515,5.13961,-0.193387,-1.79132,5.28801,0.325523,-1.71945,5.18384,-0.026398,-1.58017,5.08982,-0.323806,-1.11349,6.67023,0.460353,-1.37774,6.334,0.744193],
    "uvs":[],
    "metadata":{
        "version":3,
        "normals":139,
        "materials":1,
        "type":"Geometry",
        "colors":0,
        "generator":"io_three",
        "vertices":110,
        "uvs":0,
        "faces":152
    },