{
    "colors":[],
    "name":"CubeGeometry",
    "skinIndices":[],
    "influencesPerVertex":2,
    "normals":[-0,0,1,0,0,-1,1,0,-0,-0,1,0,-1,-0,0,0,-1,-0],
    "materials":[{
        "DbgName":"Material",
        "vertexColors":false,
        "depthTest":true,
        "colorSpecular":[0.053227,0.003708,0.073657],
        "depthWrite":true,
        "shading":"phong",
        "colorDiffuse":[0.287071,0.030006,0.001017],
        "colorEmissive":[0,0,0],
        "blending":"NormalBlending",
        "DbgColor":15658734,
        "specularCoef":50,
        "wireframe":false,
        "transparent":false,
        "opacity":1,
        "visible":true,
        "DbgIndex":0
    }],
    "vertices":[0.577627,0.837965,-0.395199,0.577627,0.837965,1.6048,-1.42237,0.837965,1.6048,-1.42237,0.837965,-0.395199,0.577627,2.83797,-0.395198,0.577626,2.83797,1.6048,-1.42237,2.83797,1.6048,-1.42237,2.83797,-0.395199],
    "uvs":[],
    "metadata":{
        "version":3,
        "normals":6,
        "materials":1,
        "type":"Geometry",
        "colors":0,
        "generator":"io_three",
        "vertices":8,
        "uvs":0,
        "faces":6
    },
    "faces":[35,0,1,2,3,0,0,0,0,0,35,4,7,6,5,0,1,1,1,1,35,0,4,5,1,0,2,2,2,2,35,1,5,6,2,0,3,3,3,3,35,2,6,7,3,0,4,4,4,4,35,4,0,3,7,0,5,5,5,5],
    "skinWeights":[]
}