{
    "colors":[],
    "name":"Cone.002Geometry",
    "skinIndices":[],
    "influencesPerVertex":2,
    "normals":[-0.302554,-0.876919,-0.373461,0.492982,-0.789344,-0.365931,0.677993,-0.541894,-0.496665,-0.230923,-0.970845,-0.064303,0.642152,0.706716,0.296975,0.208097,-0.825783,-0.524193,0.860588,-0.230435,-0.454189,0.917022,0.013522,-0.398606,0.866014,0.157395,-0.474601,0.262841,0.964142,0.036673,0.842487,-0.197164,-0.501341,0.429462,0.752619,-0.499126,0.865776,0.142254,-0.479786,0.136069,0.863309,-0.485987,-0.738791,0.673919,0.004626,0.923747,0.169476,-0.343467,-0.117502,0.777928,-0.617269,-0.200568,0.757938,-0.620727,-0.559567,0.623656,-0.545837,-0.135751,0.94967,-0.282309,-0.985775,-0.06564,-0.154725,-0.789574,0.422035,-0.445488,0.626881,0.615528,0.477647,-0.924182,-0.287113,-0.251899,-0.796862,-0.454161,-0.398432,-0.78911,0.315765,-0.526875,-0.812502,0.102753,-0.573832,0.370854,-0.928091,0.033394,0.806257,0.298848,0.510529,-0.856737,-0.259889,-0.445488,-0.886318,-0.149971,-0.43812,-0.789572,-0.422037,-0.445489,-0.722024,-0.372404,-0.583093,-0.534295,-0.609978,-0.585198,-0.567964,-0.692068,-0.445488,-0.992805,-0.049072,0.109222,0.658719,-0.752252,0.014356,-0.567249,-0.651871,-0.503282,0.004247,0.625908,0.779885,-0.213951,0.592158,0.7769,0,0,1,-0.425011,0.176045,0.887904,-0.554299,0,0.832318,-0.472184,-0.315503,0.823104,0,-0,1,-0.053968,0.271313,0.960977,0.615485,0.411255,0.672345,0,0,1,-0,-0,1,-0.237793,-0.355882,0.903771,-0.189068,-0.404586,0.894742,-0,0,1,0.711124,-0.170903,0.681979,0,0,1,-0.275711,-0.688919,0.670354,0.683893,-0.444937,0.578205,1e-06,-1e-06,1,0.803617,0.00785,0.595095,1e-06,-0,1,-0.269494,0.888401,0.371641,0,0,1,0,0,1,-0,0,1,-0.250946,-0.959835,0.125473,-0.222482,0.959287,-0.173982,-0.469246,0.796935,-0.380398,0.259888,0.856737,-0.445488,-0.956268,0.214742,-0.198588,-0.651944,-0.747126,0.129505,0.828621,0.551147,0.098102,-0.856737,0.259887,-0.445488,-0.750482,0.250974,-0.611382,0.767239,-0.035881,-0.640357,0.917444,-0.245253,-0.313286,-0.773085,-0.506466,0.38188,0.960557,0.200936,-0.192235,0.162807,0.892057,-0.421577,-0.567965,0.692067,-0.445488,-0.908522,-0.144628,-0.392009,-0.890977,0.087753,-0.445488,0.825466,-0.322748,-0.463077,0.789573,0.422036,-0.445488,0.211311,0.815849,0.538274,-0.293828,0.841643,-0.453104,-0.974198,0.224494,0.023274,-0.824,-0.515634,0.234831,0.14345,0.984866,-0.097262,-0.003993,0.946187,-0.323595,-0.81478,0.508291,-0.278881,0.350157,0.832277,-0.429773,0.390426,0.743732,0.542614,0.917444,-0.245253,-0.313285,0.917444,-0.245253,-0.313286,0.576351,0.673181,-0.4633,0.976476,0.214602,0.020982,0.115314,0.928311,-0.353471,-0.034832,0.885275,-0.463761,-0.953566,-0.08847,-0.287897,-0.88061,-0.098998,-0.463385,-0.918203,-0.043245,-0.393742,-0.422036,-0.789573,-0.445488,0.990335,-0.124055,-0.062027,0.087754,-0.890977,-0.445488,0.395573,0.881825,0.256721,0.692067,-0.567965,-0.445488,0.354558,0.931341,-0.083025,-0.551282,-0.412879,0.724996,-0.84527,-0.293375,-0.446598,0.966149,-0.161343,0.201305,-0.859729,-0.380781,-0.340399,-0.187118,-0.889085,-0.417748,0.567964,-0.692067,-0.445488,0.150503,-0.934633,-0.322196,0.890977,-0.087754,-0.445488,-0.41012,0.837428,0.361271,-0.46211,-0.124834,0.877992,-0.895676,-0.10103,-0.433079,-0.763229,-0.480714,-0.431735,-0.913151,-0.165745,-0.372403,0.981654,-0.169553,0.087223,-0.812361,-0.492268,-0.312636,0.478435,0.804845,0.351177,0.759266,0.608932,-0.229602,0.924504,0.125813,-0.35981,-0.903577,-0.038025,-0.426734,-0.770271,-0.456398,-0.445403,-0.789573,-0.422036,-0.445488,0.914771,-0.293425,0.277661,-0.229921,-0.863759,-0.448393,0.279753,-0.849363,-0.447572,-0.110874,-0.906182,-0.408095,0.246229,-0.941506,-0.23008,0.779466,0.44651,-0.439387,-0.856737,-0.259889,-0.445488,0.692057,0.567969,0.445498,0.902387,-0.391195,0.180733,-0.292471,0.481188,0.826389,-0.890976,-0.087755,-0.445489,0.786763,0.390971,0.477646,0.664825,-0.701166,0.25763,0.123918,-0.991344,-0.043371,-0.856621,-0.217336,-0.467938,-0.850597,0.361473,-0.381866,0.303456,0.351434,0.885668,0.883475,0.140402,0.446945,-0.796991,0.100427,-0.595584],
    "materials":[{
        "DbgName":"Material.001",
        "vertexColors":false,
        "depthTest":true,
        "colorSpecular":[0.5,0.5,0.5],
        "depthWrite":true,
        "shading":"phong",
        "colorDiffuse":[0,0.24865,0.055065],
        "colorEmissive":[0,0,0],
        "blending":"NormalBlending",
        "DbgColor":15658734,
        "specularCoef":50,
        "wireframe":false,
        "transparent":false,
        "opacity":1,
        "visible":true,
        "DbgIndex":0
    }],
    "vertices":[-0.825982,1.18677,-2.10405,-0.220476,1.68281,-1.49009,0.530816,1.1315,-1.94196,0.607683,1.74312,-1.11174,0.910756,1.74312,-0.863016,1.15948,1.74312,-0.559943,2.19868,1.17528,-0.915062,1.45811,1.74312,0.161017,2.29156,1.18807,0.74693,-0.503457,5.74312,0.551197,1.45811,1.74312,0.941378,1.3443,1.74312,1.31656,1.98876,1.16428,1.86216,0.910756,1.74312,1.96541,1.16256,1.34102,2.8183,0.261909,1.74312,2.39896,-0.113277,1.74312,2.51277,0.140399,1.27067,3.43905,-1.03441,1.79303,2.83285,-1.17214,2.27854,2.41554,-1.99019,1.21701,2.53764,-1.91767,1.74312,1.96541,-2.1664,1.74312,1.66234,-2.35122,1.74312,1.31656,-2.46503,1.74312,0.941376,-3.03165,0.976165,0.805097,-3.21038,1.02667,-0.140148,-2.35122,1.74312,-0.214172,-2.52316,1.15326,-0.921182,-1.91767,1.74312,-0.863018,-1.6146,1.74312,-1.11174,-1.26882,1.74312,-1.29656,-0.893635,1.74312,-1.41037,1.61551,3.19194,0.330698,0.58424,3.7893,2.12426,-0.354741,4.21853,1.29885,-1.45291,3.55362,1.75922,-1.83407,3.23248,2.10482,-1.46229,3.82546,0.551196,0.356092,4.02402,0.551197,0.152184,4.16606,0.989283,-0.212563,4.22283,1.25348,-0.655804,4.18132,1.31709,-1.09702,4.06428,1.14476,-1.40955,3.89542,0.73143,1.82182,3.01505,1.58526,-0.177643,3.25227,1.93199,-0.494467,3.14303,2.99572,-0.959485,4.10147,1.23369,-1.32703,3.96026,0.892332,-2.58776,2.81328,-0.348565,1.69251,2.11899,1.23593,0.491247,2.92967,1.5459,-0.244508,3.08845,1.85303,-1.01108,3.09018,1.77669,-1.70113,2.86226,1.35146,-2.15249,2.44506,0.551196,1.15837,2.41947,0.551197,0.707349,2.83067,1.36023,0.030649,1.91827,2.67175,-0.759944,3.11372,1.84064,-2.16183,2.03053,2.27126,-2.68885,1.72918,1.64961,0.89686,2.71174,1.13123,0.257632,3.00327,1.69025,-0.503458,3.11102,1.86725,-1.25386,3.04173,1.67426,-1.89465,2.73149,1.12745,-2.20319,2.27706,0.213098,-1.0887,4.3354,0.160151,-0.753489,4.43639,-0.052436,-0.378728,4.46444,-0.07586,-0.006775,4.33829,0.054515,0.300244,4.10423,0.391331,-0.872431,4.41485,-0.001013,-0.503457,4.46038,-0.090172,-1.18284,4.2724,0.269786,-0.127972,4.39141,-0.010757,1.37423,3.3987,0.045364,-1.26141,3.75017,-1.50101,-0.60621,3.07204,-1.60462,0.425446,3.73225,0.935961,0.410738,3.87891,0.733042,-2.3946,2.38655,1.83725,1.06641,3.65168,-0.761893,0.378185,3.62244,1.14029,0.108137,4.27201,0.142543,-2.41115,1.35843,-1.82363,-1.57605,1.79587,-2.00895,-0.208588,2.80599,-1.62747,-2.45715,1.74312,0.135052,2.17814,1.74383,-1.48524,1.98182,1.9338,-0.22993,-1.38559,2.56752,-0.769013,-0.503457,2.84987,-0.89543,-2.23853,1.98707,-0.167494,0.293256,2.87503,-0.641168,0.921677,2.65801,-0.039113,-1.68221,2.40911,-0.627557,-0.791884,2.78625,-0.898834,0.041584,2.8946,-0.764649,0.736644,2.76021,-0.277412,-2.76076,1.25136,-0.015389,-2.22832,2.29339,0.551196,-2.0548,2.01154,-0.485381,-2.23636,2.20941,0.206499,-2.14054,2.07052,-0.262729,-1.95483,1.94516,-0.659273,-1.33259,4.05237,0.386272,-1.68493,3.60407,0.764726],
    "uvs":[],
    "metadata":{
        "version":3,
        "normals":146,
        "materials":1,
        "type":"Geometry",
        "colors":0,
        "generator":"io_three",
        "vertices":110,
        "uvs":0,
        "faces":152
    },