{
    "metadata":{
        "generator":"io_three",
        "version":3,
        "colors":90,
        "materials":1,
        "faces":92,
        "uvs":1,
        "vertices":64,
        "type":"Geometry",
        "normals":92
    },
    "name":"Cylinder.011Geometry",
    "uvs":[[0.902934,0.186017,0.888056,0.001022,0.873281,0.002809,0.895574,0.19303,0.862869,0.003648,0.870511,0.119656,0.828583,0.123344,0.828583,0.007085,0.80813,0.007788,0.811073,0.114952,0.760233,0.000412,0.796576,0.102959,0.760303,0.231047,0.760233,0.127051,0.779802,0.124168,0.779802,0.243532,0.982364,0.740987,0.970611,0.610414,0.991349,0.604215,0.991349,0.871645,0.5266,0.894101,0.264635,0.947885,0.261472,0.938196,0.5266,0.98304,0.546625,0.378444,0.708453,0.593189,0.696495,0.603229,0.708453,0.248559,0.5458,0.495883,0.261472,0.283535,0.262868,0.360306,0.5458,0.248559,0.969786,0.912611,0.940708,0.604215,0.969786,0.622043,0.83995,0.832789,0.548076,0.946692,0.833758,0.930854,0.833758,0.949351,0.546625,0.945742,0.546625,0.833508,0.670512,0.604053,0.688828,0.61215,0.60998,0.847316,0.69678,0.622921,0.69678,0.93003,0.537559,0.496707,0.53538,0.803809,0.537559,0.79694,0.483566,0.594162,0.448838,0.828401,0.261472,0.893277,0.269848,0.847014,0.448473,0.826423,0.273874,0.829749,0.448124,0.829749,0.269848,0.812484,0.448473,0.833075,0.261472,0.766221,0.448838,0.831097,0.871562,0.358263,0.988455,0.532533,0.988624,0.539737,0.890996,0.248559,0.999588,0.547422,0.999588,0.299389,0.177392,0.567462,0.219737,0.811854,0.239701,0.810276,0.239701,0.549513,0.258997,0.837007,0.240525,0.550446,0.258997,0.549513,0.257973,0.835607,0.709277,0.832792,0.839126,0.62206,0.810074,0.604215,0.839126,0.912594,0.545847,0.247734,0.262914,0.135828,0.261472,0.212964,0.545847,0.000412,0.870737,0.603391,0.858828,0.248559,0.870737,0.25864,0.709277,0.473637,0.394652,0.511363,0.482741,0.765397,0.472876,0.763846,0.482741,0.496707,0.451999,0.757022,0.261472,0.571505,0.759408,0.000412,0.546671,0.159975,0.560444,0.188552,0.759408,0.239492,0.862044,0.205794,0.862044,0.000412,0.829407,0.02005,0.844244,0.245124,0.919485,0.225974,0.919485,0.000412,0.903759,0.005365,0.918797,0.150973,0.00086,0.722354,0.000412,0.707483,0.000862,0.692604,0.002078,0.682134,0.005431,0.66566,0.009098,0.627888,0.03435,0.597464,0.045468,0.615174,0.0537,0.624063,0.058527,0.639653,0.100825,0.562548,0.13367,0.549513,0.147078,0.565452,0.166637,0.627147,0.176568,0.620253,0.175846,0.643955,0.169611,0.690218,0.168998,0.707483,0.169611,0.724748,0.175846,0.771011,0.176568,0.794713,0.166637,0.787819,0.147078,0.849514,0.133617,0.865467,0.100749,0.852258,0.05913,0.77552,0.05355,0.791122,0.045515,0.800217,0.034229,0.817501,0.015212,0.801043,0.006802,0.753261,0.00211,0.7328,0.92031,0.146168,0.93384,0.000412,0.923489,0.001986,0.93384,0.194234,0.899713,0.192911,0.902934,0.000412,0.245971,0.312012,0.253192,0.30638,0.255956,0.286957,0.254464,0.267655,0.246852,0.24922,0.22544,0.246291,0.191922,0.290965,0.209452,0.203339,0.260648,0.000412,0.07124,0.190873,0.189804,0.290024,0.185894,0.288378,0.13549,0.239678,0.029393,0.231823,0.000412,0.215863,0.00457,0.219645,0.002417,0.21521,0.007029,0.213465,0.001409,0.213358,0.033434,0.221666,0.115936,0.288834,0.186019,0.288063,0.189992,0.289552,0.035719,0.280171,0.04254,0.548688,0.144582,0.366386,0.192164,0.290318,0.158009,0.528092,0.225533,0.301014,0.260648,0.280463,0.252691,0.304026,0.251897,0.310315]],
    "vertices":[4.61841,6.46664,-0.195741,1.81863,7.77325,0.967191,4.73158,6.43528,-0.210262,1.83211,7.75115,0.994539,3.5852,6.91124,0.288782,1.83261,7.73422,1.01467,3.43669,6.91315,0.364432,1.83342,7.68802,1.04758,3.21794,6.91828,0.44599,1.70555,7.6539,1.18498,3.30579,6.76037,0.336516,1.57592,7.58666,1.21995,5.05567,5.92934,-0.545875,1.33974,7.64331,1.24364,5.25027,5.66788,-0.470729,1.2438,7.648,1.23838,5.30397,5.29658,-0.096447,1.21307,7.64332,1.19869,5.10906,4.98916,-0.894542,1.08586,7.3886,1.30482,4.88148,5.99473,-0.481242,1.13708,7.1612,1.21769,4.89591,5.96329,-0.499404,0.951006,7.1812,1.21757,4.73879,5.63135,-0.564424,0.937459,7.12836,1.02387,5.4106,4.76152,-1.21059,1.04855,7.01367,0.965115,3.70391,5.34004,-0.599682,1.15022,6.99306,0.871185,3.71237,5.36877,-0.592229,1.27694,7.01362,0.731364,3.69814,5.35094,-0.589461,1.33309,7.00724,0.670525,3.71495,5.36162,-0.577997,1.26356,7.05072,0.65748,3.70496,5.33715,-0.593912,1.10098,7.12956,0.59932,5.41484,4.74978,-1.1872,0.980934,7.2011,0.591817,4.71828,5.68819,-0.677621,0.87519,7.30098,0.680071,4.89604,5.96293,-0.49868,0.840918,7.48639,0.60975,4.88168,5.99418,-0.480155,1.01479,7.50027,0.541402,5.07182,5.09241,-1.10018,0.973249,7.69956,0.684829,5.07529,5.93048,-1.35905,1.16156,7.7923,0.909275,5.18207,5.85643,-0.846156,1.17892,7.82667,0.880526,5.05598,5.92849,-0.544457,1.26765,7.84256,0.847996,5.09144,6.45076,-0.930791,1.48922,7.823,0.749354,4.53856,6.36559,-0.224687,1.70833,7.84399,0.803851,5.05989,6.24671,-0.290617,1.80775,7.7864,0.860778,3.97965,6.76679,0.097887,1.81315,7.78876,0.906277,4.73396,6.43939,-0.219995,1.82058,7.7831,0.930878],
    "colors":[4241933,4307726,4504594,4635669,9229678,16777215,16383990,14872546,16448762,13824199,7654991,14742489,13561279,2144537,14611160,14414545,4638749,11526809,6527057,8508000,11986082,10739338,7706991,13036215,8296835,8551823,12839348,1630470,10147716,6279998,7715944,6674246,6412355,4893236,5162788,5293606,6206794,6016311,10734751,8383086,7396950,13369291,1566726,12905140,14086347,15925234,15597549,14349008,7390545,6473272,5350191,9229934,13955016,4370204,4443165,13496000,4114452,7851346,12445867,5620007,15858413,16383479,7720527,4963867,4307982,4242190,0,3984916,3919378,4176910,5898072,4307983,10935187,7654484,7654990,13561282,11397263,7851341,13430455,12838328,7786065,4176654,2870033,4636183,8051329,4894753,9530797,5417008,8170105,7636340],
    "materials":[{
        "colorDiffuse":[0.000636,0.64,0],
        "opacity":1,
        "depthTest":true,
        "DbgColor":15658734,
        "visible":true,
        "wireframe":false,
        "vertexColors":false,
        "depthWrite":true,
        "DbgIndex":0,
        "specularCoef":50,
        "colorSpecular":[0.5,0.5,0.5],
        "colorEmissive":[0,0,0],
        "transparent":false,
        "shading":"phong",
        "blending":"NormalBlending",
        "DbgName":"Material.011"
    }],